name,isosig,finite,fillings,betti
X_0,jLLLLQQcdfghihgiiucejjrkrvs_bBba,[],"{(-4, 5): 'o9_43086(-4, 5)', (1, 3): 'o9_43086(1, 3)', (-1, 5): 'o9_43086(-1, 5)', (2, 1): 'o9_42765(1, 2)', (-2, 5): 'o9_43086(-2, 5)', (5, 1): 'o9_43086(5, 1)', (1, 2): 'o9_43074(2, 1)', (-2, 1): 'v3522(-3, 2)', (-5, 1): 'o9_43086(-5, 1)', (-4, 3): 'o9_43086(-4, 3)', (-5, 3): 'o9_43086(-5, 3)', (-3, 2): 'o9_43086(-3, 2)', (-5, 4): 'o9_43086(-5, 4)', (4, 1): 'o9_43086(4, 1)', (1, 1): 'v2209(3, 2)', (3, 2): 'o9_43086(3, 2)', (-3, 5): 'o9_43086(-3, 5)', (-1, 2): 'v3522(-1, 3)', (1, 4): 'o9_43086(1, 4)', (-3, 1): 'o9_43074(-3, 2)', (2, 3): 'o9_43086(2, 3)', (-3, 4): 'o9_43086(-3, 4)', (-2, 3): 'o9_43074(-1, 3)', (3, 1): 'o9_43086(3, 1)', (-1, 3): 'o9_43086(-1, 3)', (-4, 1): 'o9_43086(-4, 1)', (-1, 4): 'o9_43086(-1, 4)', (-5, 2): 'o9_43086(-5, 2)'}",1
X_1,jLvLAQQbffhhiighieuamjfnckj_BbBa,[],"{(1, 3): 'o9_39706(1, 3)', (-2, 5): 'o9_39706(-2, 5)', (2, 1): 't12457(3, 1)', (-1, 5): 'o9_39706(-1, 5)', (5, 1): 'o9_39706(5, 1)', (2, 5): 'o9_39706(2, 5)', (1, 2): 'o9_39706(1, 2)', (-1, 1): 'm286(-5, 1)', (-5, 1): 'o9_39706(-5, 1)', (-4, 3): 'o9_39706(-4, 3)', (1, 5): 'o9_39706(1, 5)', (-3, 2): 'o9_39706(-3, 2)', (4, 1): 'o9_39706(4, 1)', (1, 1): 's479(-4, 1)', (3, 2): 'o9_39706(3, 2)', (-1, 2): 't11188(-3, 1)', (-2, 1): 'o9_37813(3, 1)', (1, 4): 'o9_39706(1, 4)', (-3, 1): 'o9_39706(-3, 1)', (2, 3): 'o9_39706(2, 3)', (-5, 2): 'o9_39706(-5, 2)', (-2, 3): 'o9_39706(-2, 3)', (5, 2): 'o9_39706(5, 2)', (3, 1): 'o9_39706(3, 1)', (-1, 3): 'o9_39706(-1, 3)', (-4, 1): 'o9_39706(-4, 1)', (4, 3): 'o9_39706(4, 3)', (-1, 4): 'o9_39706(-1, 4)', (-3, 4): 'o9_39706(-3, 4)', (3, 4): 'o9_39706(3, 4)'}",1
X_2,kLALLAMkcbbegghijijqqnnmjoaqws_bBcB,"[(1, 0)]","{(-2, 1): 'm199(5, 2)', (-5, 1): 'o9_16947(5, 1)', (-2, 5): 't07757(-5, 1)', (-2, 3): 'v2525(5, 1)', (5, 2): 'o9_18345(1, 5)', (-3, 5): 't07878(-5, 1)', (-4, 3): 't07227(5, 1)', (-5, 3): 't07710(5, 1)', (-3, 1): 'v1846(5, 1)', (-3, 2): 'v2332(5, 1)', (-1, 5): 'o9_18147(-5, 1)', (-5, 4): 'o9_18755(5, 1)', (1, 0): 'finite', (-4, 1): 't06282(-5, 1)', (-3, 4): 't07386(-5, 1)', (4, 1): 'o9_13891(-5, 2)', (-5, 2): 't07492(-5, 1)'}",1
X_3,kLALvMQkcbbeghjijjiqqnnovxrexs_bBba,"[(1, 0)]","{(1, 3): 't12078(-5, 1)', (1, 2): 'v3404(-5, 1)', (-2, 1): 'v2157(5, 1)', (-4, 3): 'o9_35290(5, 1)', (-3, 2): 't11514(-5, 1)', (4, 1): 'o9_31500(1, 5)', (3, 2): 't11912(5, 1)', (-1, 2): 'v3201(-5, 1)', (1, 4): 'o9_35578(-5, 1)', (-3, 1): 't09961(-5, 1)', (2, 3): 't12345(-5, 1)', (-3, 4): 'o9_36203(5, 1)', (1, 0): 'finite', (-5, 3): 'o9_36549(5, 1)', (-2, 3): 't12136(5, 1)', (3, 4): 'o9_36798(-5, 1)', (-1, 3): 't11880(5, 1)', (-4, 1): 'o9_30896(5, 1)', (4, 3): 'o9_36060(-5, 1)', (-1, 4): 'o9_35245(5, 1)', (-5, 2): 'o9_35444(5, 1)', (5, 2): 'o9_35966(-5, 1)'}",1
X_4,kLAvPAMkbcbgfhfijijxxjaqajxxkk_BaaB,[],"{(1, 2): 't10804(-4, 1)', (-5, 2): 'o9_36093(4, 1)', (3, 2): 'o9_36723(4, 1)', (1, 3): 'o9_34458(4, 1)', (-1, 3): 't11236(-4, 1)', (-3, 5): 'o9_36992(4, 1)', (3, 1): 'o9_33924(4, 1)', (2, 1): 't10717(-4, 1)', (-5, 3): 'o9_36051(4, 1)', (-3, 1): 't10260(1, 4)', (-4, 1): 'o9_33331(-1, 4)', (-4, 3): 'o9_33156(4, 1)', (-2, 5): 'o9_37159(4, 1)', (2, 3): 'o9_36876(4, 1)', (-1, 4): 'o9_34853(4, 1)', (-3, 4): 'o9_34277(4, 1)', (1, 1): 's580(2, 3)'}",1
X_5,kLAvPAMkbcbgfhfijijxxjqxqkhhkr_BbaB,"[(1, 0)]","{(3, 2): 't09339(4, 5)', (4, 1): 'o9_24823(1, 5)', (5, 2): 'o9_29994(1, 5)', (-3, 1): 'o9_23068(1, 5)', (4, 3): 'o9_29310(1, 5)', (1, 0): 'finite', (3, 5): 'o9_33240(-5, 1)', (3, 4): 'o9_31122(-5, 1)', (5, 3): 'o9_31418(1, 5)'}",1
X_6,kLAvPAMkbcbhgffijijhhjaaasqhnr_BabB,[],"{(1, 2): 't06532(-1, 4)', (3, 2): 'o9_25642(-3, 5)', (1, 3): 'o9_24909(-1, 4)', (3, 1): 'o9_22588(-3, 5)', (2, 1): 'v2315(5, 3)', (-3, 1): 't09571(-5, 1)', (2, 3): 'o9_27990(4, 1)', (-4, 1): 'o9_28672(-5, 1)', (-5, 2): 'o9_32638(-5, 1)', (-5, 3): 'o9_33240(-5, 1)'}",1
X_7,kLAvPAMkbcbhgffijijhhjhhhnxxnj_BbBa,"[(0, 1), (1, 0)]","{(0, 1): 'finite', (-2, 3): 'o9_27720(-5, 1)', (-2, 1): 'v2359(2, 5)', (3, 1): 't09589(-4, 1)', (-1, 3): 'o9_24611(1, 5)', (5, 2): 'o9_32560(4, 1)', (-1, 2): 't06375(1, 5)', (-3, 1): 't09299(-2, 5)', (-3, 2): 'o9_25529(2, 5)', (-4, 1): 'o9_26889(2, 5)', (2, 5): 'o9_32614(-1, 4)', (4, 1): 'o9_28635(4, 1)', (1, 0): 'finite', (5, 3): 'o9_33156(4, 1)'}",1
X_8,kLAvPMMkcbbghfigjijhhkhxaxsqnj_aBbB,"[(1, 0)]","{(3, 2): 'o9_36506(4, 5)', (-2, 3): 't11477(-5, 4)', (-3, 5): 'o9_38081(5, 4)', (3, 1): 'o9_33323(4, 5)', (-4, 3): 'o9_35519(-5, 4)', (-5, 3): 'o9_37727(-5, 4)', (-4, 1): 'o9_34398(-1, 4)', (-2, 5): 'o9_37929(5, 4)', (-1, 4): 'o9_35311(-5, 4)', (1, 0): 'finite', (-3, 2): 't11317(-1, 4)', (-3, 4): 'o9_35807(5, 4)', (-5, 2): 'o9_37404(-5, 4)'}",1
X_9,kLAvPMMkcbbghfigjijhhkhxaxsxnk_aBbB,"[(1, 0)]","{(-2, 1): 'v1356(-5, 2)', (-2, 3): 't11347(-5, 4)', (-3, 5): 'o9_37750(5, 4)', (3, 1): 'o9_33186(4, 5)', (1, 0): 'finite', (3, 2): 'o9_36387(4, 5)', (-4, 3): 'o9_35048(-5, 4)', (-5, 3): 'o9_37317(-5, 4)', (-3, 1): 't10738(1, 4)', (-3, 2): 't11111(1, 4)', (-2, 5): 'o9_37678(-5, 4)', (-1, 4): 'o9_35154(-5, 4)', (2, 3): 'o9_36672(4, 5)', (-4, 1): 'o9_33982(-1, 4)', (-3, 4): 'o9_35395(5, 4)', (-5, 2): 'o9_37017(-5, 4)'}",1
X_10,kLLLALQkbcgefhjiijjhjhqptttsbj_abBb,"[(0, 1)]","{(0, 1): 'finite', (-1, 1): 'v3011(3, 1)', (1, 1): 'm410(4, 1)', (2, 1): 'o9_35826(-3, 1)', (-2, 1): 'o9_44060(1, 2)'}",1
X_11,kLLLALQkbdegejhjijihruhpitqgkn_baab,"[(1, 0)]","{(1, 0): 'finite', (-1, 1): 's644(-3, 4)', (1, 1): 'v3010(3, 2)', (-2, 1): 'o9_39468(-1, 2)'}",1
X_12,kLLLAPAkbegfghihijjxxmmmjewxjr_baab,"[(1, 0)]","{(1, 2): 'o9_33815(2, 3)', (-2, 3): 'o9_37590(2, 3)', (-2, 1): 'v2420(-2, 3)', (-1, 3): 'o9_37539(2, 3)', (-1, 2): 't08350(-2, 3)', (2, 1): 'o9_28487(3, 2)', (-3, 1): 't12397(3, 2)', (-3, 2): 'o9_35900(2, 3)', (-4, 1): 'o9_41820(3, 2)', (1, 0): 'finite', (1, 1): 's832(-3, 2)'}",1
X_13,kLLLLAQkaedghhgjijjjlhouajdncn_abBa,[],"{(1, 2): 'v3071(-5, 3)', (-2, 3): 'o9_43106(3, 2)', (-1, 1): 'v3031(-3, 2)', (3, 1): 't12308(3, 2)', (3, 2): 't12529(3, 2)', (-1, 3): 'o9_41932(-2, 3)', (3, 4): 'o9_41888(-2, 3)', (-1, 2): 't12693(-2, 3)', (5, 2): 'o9_42600(3, 2)', (-2, 1): 't12627(3, 2)', (2, 1): 'v2099(5, 2)', (-3, 1): 'o9_41366(3, 2)', (1, 3): 't12730(2, 3)', (2, 3): 't12723(2, 3)', (1, 4): 'o9_42037(-2, 3)', (4, 3): 'o9_41304(3, 2)', (-3, 2): 'o9_42983(3, 2)', (2, 5): 'o9_43222(-2, 3)', (3, 5): 'o9_43188(-2, 3)', (4, 1): 'o9_40801(3, 2)', (5, 3): 'o9_42734(3, 2)'}",1
X_14,kLLLLAQkaedghhgjijjnlhouajdncn_baab,"[(1, 0)]","{(1, 3): 'o9_41304(3, 1)', (2, 1): 't12308(3, 1)', (-2, 5): 'o9_43188(-1, 3)', (1, 2): 't12529(3, 1)', (-2, 1): 'v3031(-3, 1)', (-4, 3): 'o9_41932(-1, 3)', (-5, 3): 'o9_43106(3, 1)', (-3, 2): 't12693(-1, 3)', (1, 1): 'v2099(4, 1)', (-5, 2): 'o9_42983(3, 1)', (3, 2): 'o9_42600(3, 1)', (-1, 2): 'v3071(-4, 3)', (-3, 1): 't12627(3, 1)', (2, 3): 'o9_42734(3, 1)', (1, 0): 'finite', (-3, 5): 'o9_43222(-1, 3)', (-2, 3): 't12730(1, 3)', (3, 1): 'o9_40801(3, 1)', (-1, 3): 't12723(1, 3)', (-4, 1): 'o9_41366(3, 1)', (-1, 4): 'o9_41888(-1, 3)', (-3, 4): 'o9_42037(-1, 3)'}",1
X_15,kLLLLAQkbegfgfhijijxxmxvonrlnk_abBb,[],"{(1, 2): 't10657(-2, 3)', (-2, 3): 'o9_43239(-2, 3)', (-1, 1): 'm162(-1, 3)', (-1, 3): 'o9_41902(-2, 3)', (-1, 2): 't11956(2, 3)', (-2, 1): 'v3439(4, 1)', (2, 1): 'o9_25683(-2, 3)', (-3, 1): 'o9_41820(3, 2)', (-3, 2): 'o9_43193(-2, 3)', (1, 1): 'm034(5, 3)'}",1
X_16,kLLLLAQkbegfgfhijijxxmxvonrlnr_abBb,[],"{(1, 2): 'o9_36396(3, 2)', (-2, 3): 'o9_43854(3, 2)', (-1, 1): 'm162(-2, 3)', (-1, 3): 'o9_43468(-2, 3)', (-1, 2): 't12530(2, 3)', (-2, 1): 'v3178(-4, 1)', (2, 1): 'o9_30230(-3, 2)', (-3, 1): 'o9_37316(4, 1)', (-3, 2): 'o9_43574(3, 2)', (1, 1): 's534(-5, 2)'}",1
X_17,kLLLLAQkbegfgfhijijxxmxvonrlrk_abBb,[],"{(1, 2): 't09736(-2, 3)', (-2, 3): 'o9_43239(-1, 3)', (-1, 1): 'm175(-1, 3)', (-1, 3): 'o9_41902(-1, 3)', (-1, 2): 't11956(1, 3)', (-2, 1): 't09985(3, 2)', (2, 1): 'o9_22719(2, 3)', (-3, 1): 'o9_41820(3, 1)', (-3, 2): 'o9_43193(-1, 3)'}",1
X_18,kLLLLAQkbegfgfhijijxxmxvonrlrr_abBb,"[(1, 0)]","{(1, 2): 'o9_34519(-3, 2)', (-2, 3): 'o9_43854(3, 1)', (-1, 1): 'm175(-2, 3)', (3, 1): 'o9_38274(3, 1)', (-1, 3): 'o9_43468(-1, 3)', (-1, 2): 't12530(1, 3)', (-2, 1): 't09074(4, 1)', (2, 1): 't09470(3, 2)', (-3, 1): 'o9_41816(3, 1)', (-3, 2): 'o9_43574(3, 1)', (1, 0): 'finite', (1, 1): 's534(-4, 1)'}",1
X_19,kLLLLMQkacfghjgihijnkgjaerlsjn_baBb,"[(1, 0)]","{(1, 2): 'o9_33138(1, 3)', (-1, 1): 'm180(-5, 3)', (3, 1): 't12807(3, 1)', (3, 2): 'o9_42247(1, 3)', (-1, 2): 't11591(3, 2)', (-2, 1): 't09142(-3, 2)', (2, 1): 'v3525(1, 3)', (-3, 1): 'o9_40032(-3, 1)', (1, 0): 'finite', (4, 1): 'o9_42876(1, 3)', (1, 1): 's556(-1, 3)'}",1
X_20,kLLLLMQkacfghjhhijjjkgjaiaalgw_BbaB,[],"{(1, 2): 't12068(-3, 2)', (-1, 1): 'v2123(-3, 2)', (-1, 2): 'o9_36658(3, 2)', (3, 1): 'o9_38890(-3, 1)', (-2, 1): 't11948(-3, 1)', (2, 1): 't09223(3, 2)', (-3, 1): 'o9_40557(-3, 1)', (1, 1): 'm249(-4, 1)'}",1
X_21,kLLLLMQkbegihijhgjjxxxujciokdt_bBba,"[(1, 0)]","{(-2, 3): 'o9_36638(-5, 3)', (-2, 1): 't06926(2, 3)', (-1, 3): 'o9_35622(-5, 3)', (-3, 1): 'o9_26723(-5, 3)', (-3, 2): 'o9_34067(-5, 3)', (1, 0): 'finite', (4, 1): 'o9_34146(-5, 1)'}",1
X_22,kLLLLMQkcdghhjfhjijhshrchjrlkl_bBab,[],"{(1, 2): 'v3415(-1, 3)', (-1, 1): 't06882(5, 2)', (3, 1): 'o9_43676(3, 1)', (3, 2): 'o9_43450(3, 1)', (-1, 2): 'o9_43193(-1, 3)', (-2, 1): 'o9_43574(3, 1)', (2, 1): 't11152(-3, 1)', (1, 3): 'o9_42345(-1, 3)', (2, 3): 'o9_42643(-1, 3)'}",1
X_23,kLLLLMQkcdghhjfhjijhshrchwrljl_bBab,[],"{(1, 2): 'v3481(-2, 3)', (-1, 1): 's917(-4, 1)', (3, 1): 'o9_41677(3, 2)', (3, 2): 'o9_42274(3, 2)', (-1, 2): 'o9_41820(3, 2)', (-2, 1): 'o9_37316(4, 1)', (2, 1): 't08805(-5, 2)', (1, 3): 'o9_42008(-2, 3)', (2, 3): 'o9_42520(-2, 3)'}",1
X_24,kLLLLMQkcdghhjfhjijhshrchwrlkl_abBb,[],"{(1, 2): 'o9_43574(3, 2)', (-2, 3): 'o9_43450(3, 2)', (-2, 1): 'v3415(-2, 3)', (-1, 3): 'o9_43676(3, 2)', (-1, 2): 't11152(-3, 2)', (2, 1): 'o9_43193(-2, 3)', (-3, 1): 'o9_42345(-2, 3)', (-3, 2): 'o9_42643(-2, 3)', (1, 1): 'v3025(-4, 1)'}",1
X_25,kLLLLPQkacehhjjjihijkbahallmdj_bBba,"[(1, 0)]","{(1, 2): 'o9_36965(-2, 3)', (-2, 3): 'o9_41920(2, 3)', (-2, 1): 'v2831(2, 3)', (-1, 3): 'o9_41559(2, 3)', (-1, 2): 't11061(2, 3)', (2, 1): 'o9_31058(3, 2)', (-3, 1): 't12715(-2, 3)', (-3, 2): 'o9_40374(2, 3)', (-4, 1): 'o9_43193(-2, 3)', (1, 0): 'finite', (1, 1): 's773(-5, 2)'}",1
X_26,kLLLLPQkbcehijjjhiixkhrrallfsb_bBba,"[(1, 0)]","{(1, 2): 'o9_41414(-3, 1)', (-1, 1): 'm275(4, 1)', (3, 1): 'o9_37450(1, 3)', (-2, 1): 't11193(-3, 1)', (2, 1): 't09709(-1, 3)', (-3, 1): 'o9_39196(3, 1)', (1, 0): 'finite', (1, 1): 's806(3, 2)'}",1
X_27,kLLLLPQkbefhgiihjjjxxqdjfoclxx_abBa,"[(1, 0)]","{(0, 1): 'm275(4, 1)', (-1, 1): 'v3189(-3, 1)', (3, 1): 'o9_43325(3, 1)', (-2, 1): 't12636(3, 1)', (2, 1): 't12663(-3, 1)', (-3, 1): 'o9_42653(3, 1)', (1, 0): 'finite', (1, 1): 'v2656(-4, 1)'}",1
X_28,kLLLLPQkcbefiijhjhjpnqgwoqrdrm_bBba,"[(1, 0)]","{(1, 2): 'o9_28711(1, 3)', (-2, 3): 'o9_40325(1, 3)', (-1, 1): 'm141(2, 3)', (3, 1): 't12627(3, 1)', (3, 2): 'o9_40166(-3, 1)', (-1, 3): 'o9_38434(1, 3)', (-1, 2): 't09699(1, 3)', (-2, 1): 't09142(-3, 1)', (2, 1): 'v3433(-3, 1)', (-3, 1): 'o9_37388(-3, 1)', (-3, 2): 'o9_40032(-3, 1)', (1, 0): 'finite', (4, 1): 'o9_41036(-3, 1)', (1, 1): 's442(1, 3)'}",1
X_29,kLLLLQAkaeefghgihjjjtxkwagtnxr_abBa,"[(1, 0), (1, 1)]","{(1, 2): 'v3479(3, 2)', (-1, 1): 's460(1, 4)', (1, 3): 'o9_40695(-2, 3)', (-1, 2): 'o9_30519(4, 1)', (-2, 1): 't09718(-1, 4)', (2, 1): 'o9_19118(-1, 3)', (2, 3): 'o9_41820(3, 2)', (1, 0): 'finite', (1, 1): 'finite'}",1
X_30,kLLLLQAkaeefghgihjjntxkwagtnxr_baBb,"[(1, 0)]","{(1, 2): 'v3479(3, 1)', (-1, 1): 's597(-1, 4)', (1, 3): 'o9_40695(-1, 3)', (-1, 2): 'o9_32110(4, 1)', (-2, 1): 'o9_25644(-1, 4)', (2, 1): 'o9_19556(-1, 3)', (2, 3): 'o9_41820(3, 1)', (1, 0): 'finite', (1, 1): 'm003(-1, 3)'}",1
X_31,kLLLLQAkbeefghghijjxxqxgnnnrhj_abBb,[],"{(1, 3): 't08813(5, 1)', (2, 1): 's573(4, 1)', (2, 5): 'o9_28395(5, 1)', (1, 2): 'v1780(5, 1)', (-2, 1): 'v2201(-4, 1)', (-4, 3): 'o9_28448(-4, 3)', (-3, 2): 't10229(3, 4)', (4, 1): 'o9_23104(4, 1)', (3, 2): 't08784(5, 1)', (-1, 2): 'v2532(-3, 4)', (1, 4): 'o9_25524(5, 1)', (-3, 1): 't09024(-1, 3)', (2, 3): 't09297(5, 1)', (5, 3): 'o9_27931(5, 1)', (-1, 3): 't09299(-3, 4)', (3, 4): 'o9_26773(5, 1)', (3, 1): 't07495(4, 1)', (-2, 3): 't10314(-3, 4)', (-4, 1): 'o9_25502(-4, 3)', (4, 3): 'o9_26106(5, 1)', (-1, 4): 'o9_25981(3, 4)', (-5, 2): 'o9_28927(-4, 3)', (5, 2): 'o9_26912(4, 1)'}",1
X_32,kLLLMPAkacfegiiihjjnkgrjepplqw_baab,"[(1, 0)]","{(1, 3): 't12258(-4, 3)', (2, 1): 'v2585(-4, 3)', (1, 2): 'v3441(4, 3)', (-2, 1): 'v2479(-2, 3)', (-4, 3): 'o9_36730(-4, 3)', (-3, 2): 't11916(-4, 3)', (4, 1): 'o9_33725(4, 3)', (3, 2): 't12230(-4, 3)', (-1, 2): 'v3231(-3, 4)', (1, 4): 'o9_36691(4, 3)', (-3, 1): 't10808(-4, 3)', (2, 3): 't12510(-4, 3)', (-3, 4): 'o9_37479(-4, 3)', (1, 0): 'finite', (-5, 3): 'o9_38087(-4, 3)', (-2, 3): 't12309(3, 4)', (3, 4): 'o9_38101(4, 3)', (3, 1): 't11044(-4, 3)', (-1, 3): 't12038(3, 4)', (-4, 1): 'o9_33256(-4, 3)', (4, 3): 'o9_37538(4, 3)', (-1, 4): 'o9_36312(-4, 3)', (-5, 2): 'o9_37150(-4, 3)', (5, 2): 'o9_37639(4, 3)'}",1
X_33,kLLLMPPkcbegfhhiijjunqajvjlmrw_babb,"[(1, 0)]","{(1, 2): 'o9_35721(2, 3)', (-2, 3): 'o9_39233(2, 3)', (-2, 1): 'v2503(-3, 2)', (3, 1): 'o9_41820(3, 1)', (-1, 3): 'o9_38815(2, 3)', (-1, 2): 't09342(2, 3)', (2, 1): 't12397(3, 1)', (-3, 1): 'o9_30249(-3, 2)', (-3, 2): 'o9_36229(2, 3)', (1, 0): 'finite', (1, 1): 'v2420(-1, 3)'}",1
X_34,kLLLMQzkcdefghghijjufmajkkfexj_abBa,[],"{(1, 2): 'v3231(-4, 3)', (-4, 1): 'o9_33725(3, 4)', (3, 2): 't11916(-3, 4)', (1, 3): 't12038(4, 3)', (-1, 3): 't12258(-3, 4)', (5, 2): 'o9_37150(-3, 4)', (3, 1): 't10808(-3, 4)', (2, 1): 'v2495(4, 3)', (-3, 1): 't11044(-3, 4)', (-4, 3): 'o9_37538(3, 4)', (2, 3): 't12309(4, 3)', (1, 4): 'o9_36312(-3, 4)', (4, 3): 'o9_36730(-3, 4)', (-1, 4): 'o9_36691(3, 4)', (3, 4): 'o9_37479(-3, 4)', (-3, 2): 't12230(-3, 4)', (-5, 2): 'o9_37639(3, 4)', (5, 3): 'o9_38087(-3, 4)', (4, 1): 'o9_33256(-3, 4)', (-3, 4): 'o9_38101(3, 4)', (-2, 3): 't12510(-3, 4)'}",1
X_35,kLLLMQzkcdefghghijjufmajkkftxk_baab,"[(1, 0)]","{(3, 2): 't11916(-5, 3)', (5, 2): 'o9_37150(-5, 3)', (3, 1): 't10808(-5, 3)', (2, 1): 'v2495(3, 5)', (-3, 1): 't11044(-5, 3)', (-3, 2): 't12230(-5, 3)', (-4, 3): 'o9_37538(5, 3)', (4, 3): 'o9_36730(-5, 3)', (1, 0): 'finite', (3, 4): 'o9_37479(-5, 3)', (-4, 1): 'o9_33725(5, 3)', (-5, 2): 'o9_37639(5, 3)', (4, 1): 'o9_33256(-5, 3)', (-3, 4): 'o9_38101(5, 3)', (5, 3): 'o9_38087(-5, 3)'}",1
X_36,kLLLMzQkcdfgghijijjhsexgrpehac_baab,"[(1, 0)]","{(1, 2): 'o9_38127(1, 2)', (-1, 1): 'm322(-2, 3)', (3, 1): 't12772(1, 3)', (3, 2): 'o9_43021(-2, 1)', (-1, 2): 'o9_38394(2, 1)', (-2, 1): 't11472(2, 1)', (2, 1): 'v3539(-2, 3)', (-3, 1): 'o9_39468(-2, 1)', (1, 0): 'finite', (4, 1): 'o9_42395(-3, 1)', (1, 1): 's820(2, 3)'}",1
X_37,kLLLPAMkceffgehijijlqddlnnxxnj_bBba,"[(1, 0)]","{(-2, 3): 't10588(-5, 1)', (3, 2): 'o9_25900(-5, 3)', (1, 3): 'o9_27936(-4, 1)', (-1, 3): 't10469(-4, 1)', (1, 0): 'finite', (3, 1): 't09161(5, 3)', (2, 1): 'v2429(-3, 5)', (-5, 3): 'o9_31418(-1, 4)', (-3, 1): 't07675(5, 4)', (-3, 2): 't09339(5, 4)', (-4, 3): 'o9_29310(-1, 4)', (-2, 5): 'o9_33156(4, 1)', (-1, 4): 'o9_30730(4, 1)', (2, 3): 'o9_30229(-4, 1)', (-4, 1): 'o9_24823(-1, 4)', (-5, 2): 'o9_29994(-1, 4)', (4, 1): 'o9_26493(-5, 3)', (-3, 4): 'o9_31122(4, 1)'}",1
X_38,kLLLPLQkbdefhjhijjixnixkmvxquw_abBa,"[(1, 0)]","{(-1, 1): 's897(3, 1)', (-1, 2): 'o9_43123(3, 1)', (-2, 1): 'o9_43979(-2, 1)', (2, 1): 'o9_39468(-2, 1)', (1, 0): 'finite', (1, 1): 'm371(1, 4)'}",1
X_39,kLLLPMMkcdfgfhiijjjqgptrrahmuo_baBb,[],"{(0, 1): 'm373(-1, 2)', (1, 2): 'o9_44076(-3, 1)', (-1, 1): 't11836(-1, 2)', (-2, 1): 'o9_42865(-3, 2)', (2, 1): 't12390(-3, 1)', (1, 1): 'm286(-5, 1)'}",1
X_40,kLLLPPAkcdeghhgiijjhsqxsvwmxor_abBa,[],"{(0, 1): 'm006(-4, 3)', (1, 2): 't11134(-2, 3)', (-1, 1): 's896(3, 2)', (-1, 2): 'o9_40778(2, 3)', (-2, 1): 'o9_38127(1, 2)', (2, 1): 't08950(-3, 2)'}",1
X_41,kLLLPPMkcdgefgiijijhshtnkaiqej_BbBa,"[(1, 0)]","{(1, 3): 't09402(5, 1)', (2, 1): 's668(-4, 1)', (2, 5): 'o9_31259(5, 1)', (-2, 1): 'v2392(-5, 2)', (-4, 3): 'o9_28448(-5, 3)', (-3, 2): 't10229(3, 5)', (5, 3): 'o9_31065(4, 1)', (4, 1): 'o9_25915(4, 1)', (3, 2): 't09503(4, 1)', (1, 4): 'o9_27729(5, 1)', (-3, 1): 't09024(-2, 3)', (2, 3): 't09987(5, 1)', (1, 0): 'finite', (3, 5): 'o9_31743(5, 1)', (-1, 3): 't09299(-3, 5)', (5, 2): 'o9_30182(4, 1)', (3, 1): 't08470(4, 1)', (-2, 3): 't10314(-3, 5)', (-4, 1): 'o9_25502(-5, 3)', (4, 3): 'o9_28783(4, 1)', (-1, 4): 'o9_25981(3, 5)', (3, 4): 'o9_29428(5, 1)'}",1
X_42,kLLLPzQkcdegghhijjjqruisvcdqof_BaaB,[],"{(0, 1): 's359(4, 1)', (-1, 1): 'v3001(3, 2)', (1, 1): 's885(1, 3)', (2, 1): 't12223(3, 2)', (-2, 1): 'o9_41414(-3, 1)'}",1
X_43,kLLLQLAkbeegefhihjjxxqxqxhashj_BbBa,"[(1, 0)]","{(1, 2): 'o9_37815(4, 1)', (-2, 3): 'o9_41445(-1, 3)', (-2, 1): 't08076(3, 1)', (-1, 3): 'o9_40913(-1, 3)', (-1, 2): 't09831(4, 3)', (2, 1): 'o9_35678(3, 1)', (-3, 1): 'o9_39376(3, 1)', (-3, 2): 'o9_40795(-1, 3)', (1, 0): 'finite', (1, 1): 'v2334(4, 1)'}",1
X_44,kLLLvQQkacefhgjijijjkvvqjxmrrs_bBba,[],"{(1, 2): 'o9_43074(3, 2)', (-2, 3): 'o9_43074(-2, 5)', (-2, 1): 'v3522(-5, 3)', (-1, 3): 'o9_43086(-2, 5)', (2, 1): 'o9_43086(3, 2)', (-3, 1): 'o9_43074(-5, 3)', (-3, 2): 'o9_43086(-5, 3)', (1, 1): 'v3522(3, 2)'}",1
X_45,kLLLvQQkacefhgjijijnkvvqjxmrrs_baab,[],"{(1, 2): 'o9_43074(3, 1)', (-2, 3): 'o9_43074(-1, 4)', (-2, 1): 'v3522(-4, 3)', (-1, 3): 'o9_43086(-1, 4)', (-1, 2): 'v3522(-1, 4)', (2, 1): 'o9_43086(3, 1)', (-3, 1): 'o9_43074(-4, 3)', (-3, 2): 'o9_43086(-4, 3)', (1, 1): 'v3522(3, 1)'}",1
X_46,kLLLvQQkacghfgijijjnkcabcxxrwf_abBa,[],"{(1, 3): 'o9_43074(-1, 3)', (5, 4): 'o9_43074(-5, 4)', (2, 1): 'v3522(-3, 1)', (5, 1): 'o9_43074(-5, 1)', (2, 5): 'o9_43074(-2, 5)', (1, 2): 'v3522(-2, 3)', (-1, 1): 'v3398(-1, 2)', (-5, 1): 'o9_43074(5, 1)', (1, 5): 'o9_43074(-1, 5)', (-3, 2): 'o9_43074(3, 2)', (3, 5): 'o9_43074(-3, 5)', (4, 1): 'o9_43074(-4, 1)', (3, 2): 'o9_43074(-3, 2)', (4, 5): 'o9_43074(-4, 5)', (-1, 2): 'o9_43074(1, 2)', (-2, 1): 'o9_43074(2, 1)', (1, 4): 'o9_43074(-1, 4)', (-3, 1): 'o9_43074(3, 1)', (2, 3): 'o9_43074(-2, 3)', (5, 3): 'o9_43074(-5, 3)', (-1, 3): 'o9_43074(1, 3)', (5, 2): 'o9_43074(-5, 2)', (6, 1): 'o9_43074(-6, 1)', (3, 1): 'o9_43074(-3, 1)', (-2, 3): 'o9_43074(2, 3)', (-4, 1): 'o9_43074(4, 1)', (4, 3): 'o9_43074(-4, 3)', (-1, 4): 'o9_43074(1, 4)', (3, 4): 'o9_43074(-3, 4)'}",1
X_47,kLLLvQQkcdegfiijjjihsloroftqxj_BbBa,[],"{(-1, 1): 's779(-2, 3)', (-1, 2): 'o9_42463(1, 3)', (1, 1): 's961(-1, 2)', (-2, 1): 'o9_43325(3, 1)'}",1
X_48,kLLLvQQkcdfighgjijjhsxksvndfpa_aBbB,"[(1, 0)]","{(0, 1): 's572(-4, 1)', (-1, 1): 'm036(5, 2)', (-2, 1): 'o9_39706(1, 2)', (2, 1): 'o9_43369(3, 1)', (1, 0): 'finite', (1, 1): 't10859(4, 1)'}",1
X_49,kLLLwQMkcbfeghiijjjujihrvdhitc_baBb,[],"{(1, 2): 'v2099(4, 3)', (-2, 3): 'o9_42983(1, 3)', (-1, 1): 'v3031(-1, 3)', (3, 1): 't12730(3, 1)', (3, 2): 't12723(3, 1)', (-1, 3): 'o9_41366(1, 3)', (3, 4): 'o9_41304(1, 3)', (-1, 2): 't12627(1, 3)', (5, 2): 'o9_43222(-3, 1)', (-2, 1): 't12693(-3, 1)', (2, 1): 'v2964(2, 3)', (-3, 1): 'o9_41932(-3, 1)', (1, 3): 't12308(1, 3)', (2, 3): 't12529(1, 3)', (1, 4): 'o9_40801(1, 3)', (4, 3): 'o9_41888(-3, 1)', (-3, 2): 'o9_43106(1, 3)', (2, 5): 'o9_42600(1, 3)', (3, 5): 'o9_42734(1, 3)', (4, 1): 'o9_42037(-3, 1)', (5, 3): 'o9_43188(-3, 1)'}",1
X_50,kLLLwQMkcbfeghiijjjunihrvdhitc_bBba,[],"{(1, 2): 't12693(-3, 2)', (-2, 3): 't12723(3, 2)', (-2, 1): 'v2099(5, 3)', (3, 1): 'o9_41366(2, 3)', (-1, 3): 't12730(3, 2)', (-3, 5): 'o9_43188(-3, 2)', (-1, 2): 'v3071(-5, 2)', (-5, 2): 'o9_42600(2, 3)', (3, 2): 'o9_42983(2, 3)', (2, 1): 't12627(2, 3)', (-5, 3): 'o9_42734(2, 3)', (-3, 1): 't12308(2, 3)', (1, 3): 'o9_41932(-3, 2)', (-3, 2): 't12529(2, 3)', (-4, 3): 'o9_41304(2, 3)', (-2, 5): 'o9_43222(-3, 2)', (-1, 4): 'o9_42037(-3, 2)', (2, 3): 'o9_43106(2, 3)', (-4, 1): 'o9_40801(2, 3)', (-3, 4): 'o9_41888(-3, 2)', (1, 1): 'v3031(-2, 3)'}",1
X_51,kLLLzPQkacehhgjjijinkkqefppagn_abBa,[],"{(1, 2): 'v3481(-1, 3)', (-1, 1): 't06688(-2, 3)', (3, 1): 'o9_41677(3, 1)', (3, 2): 'o9_42274(3, 1)', (-1, 2): 'o9_41820(3, 1)', (-2, 1): 'o9_41816(3, 1)', (2, 1): 't08572(-3, 1)', (1, 3): 'o9_42008(-1, 3)', (2, 3): 'o9_42520(-1, 3)'}",1
X_52,kLLLzPQkcddggjjhjiihswgrpurits_bBba,"[(1, 0)]","{(1, 0): 'finite', (-3, 1): 'o9_43512(2, 1)', (-2, 1): 't09330(-1, 3)', (-1, 2): 'o9_34936(-2, 3)', (1, 1): 'v2871(-5, 2)'}",1
X_53,kLLPLPMkbefefigiijjxxhqxakqxhk_BabB,"[(1, 0)]","{(1, 2): 'o9_33883(-4, 1)', (-2, 3): 'o9_43186(1, 3)', (-1, 1): 'm157(-5, 3)', (3, 1): 'o9_36926(4, 1)', (-1, 3): 'o9_42104(1, 3)', (-1, 2): 't11591(-4, 1)', (-2, 1): 't09142(4, 1)', (2, 1): 't10309(-4, 1)', (-3, 1): 'o9_41036(-3, 1)', (-3, 2): 'o9_42876(1, 3)', (1, 0): 'finite', (1, 1): 'v1125(4, 1)'}",1
X_54,kLLPLPMkbefefigiijjxxhqxakqxhr_aBba,[],"{(1, 2): 'o9_34762(-3, 2)', (-2, 3): 'o9_43186(2, 3)', (-1, 1): 'm157(-4, 3)', (-1, 3): 'o9_42104(2, 3)', (-1, 2): 't11603(2, 3)', (-2, 1): 't08668(-4, 1)', (2, 1): 'o9_31294(-3, 2)', (-3, 1): 'o9_41036(-3, 2)', (-3, 2): 'o9_42876(2, 3)'}",1
X_55,kLLPLzQkbcefhiijijjhwihwlaimhi_baab,"[(1, 0)]","{(0, 1): 'm006(-5, 3)', (1, 2): 'o9_40778(1, 3)', (-2, 1): 't08435(-4, 1)', (-1, 2): 't11134(-1, 3)', (2, 1): 'o9_38127(2, 1)', (1, 0): 'finite', (1, 1): 'v2806(-3, 2)'}",1
X_56,kLLPvPQkcdefhjiihjjugupkilmrmr_abBb,[],"{(1, 2): 'o9_33689(-1, 3)', (-1, 1): 'm369(1, 3)', (3, 1): 'o9_40715(3, 2)', (-1, 2): 't11705(-1, 3)', (-2, 1): 't09525(-1, 3)', (2, 1): 't11833(-3, 2)', (-3, 1): 'o9_41315(-3, 1)', (1, 1): 's818(1, 3)'}",1
X_57,kLLvAPQkacgehjgijijjkcvatrqrsj_bBab,"[(1, 0)]","{(-1, 1): 'v3522(2, 3)', (3, 1): 'o9_43074(-5, 2)', (-1, 2): 'o9_43074(2, 3)', (3, 2): 'o9_43086(-5, 2)', (2, 1): 'v3522(-5, 2)', (1, 3): 'o9_43086(-3, 5)', (2, 3): 'o9_43074(-3, 5)', (-2, 1): 'o9_43086(2, 3)', (1, 0): 'finite'}",1
X_58,kLLvAPQkacgehjgijijnkcvatrqrsj_bBba,"[(1, 0)]","{(1, 2): 'o9_43086(-4, 1)', (-2, 3): 'o9_43086(-3, 4)', (-2, 1): 'v3522(1, 3)', (-1, 3): 'o9_43074(-3, 4)', (-1, 2): 'v3522(-3, 4)', (2, 1): 'o9_43074(-4, 1)', (-3, 1): 'o9_43086(1, 3)', (-3, 2): 'o9_43074(1, 3)', (1, 0): 'finite', (1, 1): 'v3522(-4, 1)'}",1
X_59,kLLvAPQkcefgihjihjjuuhqjruvoil_baBb,"[(0, 1)]","{(1, 2): 'o9_31637(-3, 1)', (0, 1): 'finite', (-1, 1): 's595(4, 1)', (3, 1): 'o9_43230(-1, 2)', (-1, 2): 'o9_35826(-3, 1)', (-2, 1): 't12295(1, 2)', (2, 1): 't09333(3, 1)', (-3, 1): 'o9_42479(-1, 2)', (1, 1): 'm168(3, 4)'}",1
X_60,kLLvLQQkacfjjhihijinknhqaimmln_baab,[],"{(1, 2): 'o9_41337(-3, 1)', (-1, 1): 's493(4, 1)', (-1, 2): 'o9_39952(3, 1)', (-2, 1): 't11188(-4, 1)', (2, 1): 'o9_39706(1, 3)', (1, 1): 'v2200(-1, 3)'}",1
X_61,kLLvLQQkbefgigijjjixxxvcnncofv_BbaB,"[(0, 1)]","{(1, 2): 't11835(3, 2)', (-2, 3): 'o9_42050(-3, 2)', (-1, 1): 'm369(3, 1)', (3, 1): 't12050(-2, 3)', (3, 2): 'o9_38891(3, 2)', (0, 1): 'finite', (-1, 3): 'o9_41315(-3, 2)', (-1, 2): 't11705(-3, 1)', (-2, 1): 'v3510(3, 1)', (2, 1): 'v3246(-3, 2)', (-3, 1): 't12547(-1, 3)', (1, 3): 'o9_40715(3, 2)', (-3, 2): 'o9_40555(2, 3)', (2, 3): 'o9_41265(3, 2)', (-4, 1): 'o9_39740(2, 3)', (4, 1): 'o9_38403(-2, 3)', (1, 1): 's298(5, 2)'}",1
X_62,kLLvLQQkcdfhjjgihjihscbggcgnjr_BbaB,"[(0, 1)]","{(1, 2): 't12552(-2, 1)', (-2, 3): 'o9_42978(3, 1)', (-1, 1): 's581(-4, 1)', (3, 1): 't12649(-1, 3)', (3, 2): 'o9_41533(1, 3)', (0, 1): 'finite', (-1, 3): 'o9_42414(3, 1)', (-1, 2): 't12553(3, 1)', (-2, 1): 'v3511(3, 1)', (2, 1): 'v3510(3, 2)', (-3, 1): 't12648(-1, 3)', (1, 3): 'o9_42413(-3, 1)', (-3, 2): 'o9_41534(3, 1)', (2, 3): 'o9_42979(-3, 1)', (-4, 1): 'o9_40949(-1, 3)', (4, 1): 'o9_40950(1, 3)', (1, 1): 'm373(-4, 1)'}",1
X_63,kLLvMPQkacgfjhiihjjjkonxauhhnj_baab,[],"{(0, 1): 'm004(-5, 2)', (1, 2): 'o9_41337(-3, 2)', (-1, 1): 's493(5, 2)', (-1, 2): 'o9_39952(3, 2)', (-2, 1): 't11188(-5, 2)', (2, 1): 'o9_39706(2, 3)', (1, 1): 'v2200(-2, 3)'}",1
X_64,kLLvMPQkcdfgjghiiijlfarxbvrrkr_abBb,[],"{(1, 3): 't12258(-1, 4)', (2, 1): 'v2585(-1, 4)', (-2, 5): 'o9_38593(-1, 4)', (1, 2): 'v3441(1, 4)', (-2, 1): 'v2495(4, 1)', (-4, 3): 'o9_36730(-1, 4)', (-3, 2): 't11916(-1, 4)', (4, 1): 'o9_33725(1, 4)', (3, 2): 't12230(-1, 4)', (-1, 2): 'v3231(-4, 1)', (1, 4): 'o9_36691(1, 4)', (-3, 1): 't10808(-1, 4)', (2, 3): 't12510(-1, 4)', (-3, 4): 'o9_37479(-1, 4)', (-5, 3): 'o9_38087(-1, 4)', (-2, 3): 't12309(4, 1)', (3, 4): 'o9_38101(1, 4)', (3, 1): 't11044(-1, 4)', (-1, 3): 't12038(4, 1)', (-4, 1): 'o9_33256(-1, 4)', (4, 3): 'o9_37538(1, 4)', (-1, 4): 'o9_36312(-1, 4)', (-5, 2): 'o9_37150(-1, 4)', (5, 2): 'o9_37639(1, 4)'}",1
X_65,kLLvMQMkcdgighhhjjjqkmwjnrnatm_baBb,"[(0, 1)]","{(1, 2): 't11705(3, 1)', (-4, 1): 'o9_39740(1, 3)', (-1, 1): 's786(1, 2)', (3, 1): 't12050(-1, 3)', (3, 2): 'o9_38891(3, 1)', (0, 1): 'finite', (-1, 3): 'o9_41315(-3, 1)', (-1, 2): 't12426(-2, 1)', (-2, 1): 'v3510(3, 2)', (2, 1): 'v3246(-3, 1)', (-3, 1): 't12547(-1, 3)', (1, 3): 'o9_40715(3, 1)', (2, 3): 'o9_41265(3, 1)', (-3, 2): 'o9_40555(1, 3)', (4, 1): 'o9_38403(-1, 3)', (1, 1): 'm235(-4, 1)', (-2, 3): 'o9_42050(-3, 1)'}",1
X_66,kLLvMQMkcdgighihjjjqkmwjnjnait_abBb,[],"{(1, 2): 'o9_42899(-3, 1)', (-1, 1): 's784(-3, 1)', (3, 1): 'o9_42316(-3, 1)', (-1, 2): 'o9_43358(-3, 1)', (-2, 1): 't12552(-2, 1)', (2, 1): 't12302(-3, 1)', (-3, 1): 'o9_42812(-3, 1)', (1, 1): 'v2389(-4, 1)'}",1
X_67,kLLvPAQkcdggfhjjiijpkpgkfluori_BabB,[],"{(1, 2): 't11836(-1, 2)', (-2, 3): 'o9_42048(3, 2)', (-1, 1): 's787(3, 2)', (3, 1): 't12051(-1, 3)', (3, 2): 'o9_38890(-3, 2)', (-1, 3): 'o9_41319(3, 2)', (-1, 2): 't12427(3, 2)', (-2, 1): 'v3511(3, 2)', (2, 1): 'v3076(-3, 1)', (-3, 1): 't12548(-2, 3)', (1, 3): 'o9_40714(-3, 2)', (2, 3): 'o9_41268(-3, 2)', (-4, 1): 'o9_39739(-2, 3)', (4, 1): 'o9_38401(2, 3)', (-3, 2): 'o9_40557(3, 2)'}",1
X_68,kLLvPAQkcdhgigjijijhshgskqndrd_abBa,[],"{(1, 2): 't11836(-2, 1)', (-4, 1): 'o9_39739(-1, 3)', (-1, 1): 's787(3, 1)', (3, 1): 't12051(-1, 3)', (3, 2): 'o9_38890(-3, 1)', (-1, 3): 'o9_41319(3, 1)', (-1, 2): 't12427(3, 1)', (-2, 1): 'v3511(3, 1)', (2, 1): 'v3247(-3, 2)', (-3, 1): 't12548(-1, 3)', (1, 3): 'o9_40714(-3, 1)', (2, 3): 'o9_41268(-3, 1)', (-3, 2): 'o9_40557(3, 1)', (4, 1): 'o9_38401(1, 3)', (1, 1): 'm149(-4, 1)', (-2, 3): 'o9_42048(3, 1)'}",1
X_69,kLLvPMQkacifihghjjjjkmnaanmuwr_abBb,[],"{(1, 2): 'o9_42912(-3, 2)', (-1, 1): 's850(3, 2)', (-1, 2): 'o9_42102(2, 3)', (1, 1): 'v2725(-5, 2)', (-2, 1): 'o9_43086(-3, 2)'}",1
X_70,kLLvPMQkacifihghjjjnkinaanmuwr_bBab,"[(0, 1)]","{(1, 2): 'o9_43074(-3, 1)', (0, 1): 'finite', (-1, 1): 't09155(3, 1)', (1, 1): 's861(2, 3)', (2, 1): 'o9_39055(-1, 3)'}",1
X_71,kLLvPMQkacifihghjjjnkmnaanmuwr_abBb,"[(1, 0)]","{(1, 2): 'o9_42912(-3, 1)', (-1, 1): 's901(3, 2)', (-1, 2): 'o9_42102(1, 3)', (-2, 1): 'o9_43074(-3, 2)', (1, 0): 'finite', (1, 1): 'v2725(-4, 1)'}",1
X_72,kLLvPMQkcdeghghiijjqcqkkkcckhk_baab,"[(1, 0)]","{(0, 1): 'v2343(4, 1)', (-1, 1): 'v2604(1, 2)', (3, 1): 'o9_42653(3, 2)', (-2, 1): 't12663(-3, 2)', (2, 1): 't12636(3, 2)', (-3, 1): 'o9_43325(3, 2)', (1, 0): 'finite', (1, 1): 'v3495(3, 2)'}",1
X_73,kLLvPPQkacfhghjjiijjbstkaxxmjc_bBba,[],"{(1, 2): 'o9_39336(-3, 1)', (-2, 1): 'o9_23413(-3, 1)', (-1, 3): 'o9_43100(2, 1)', (-1, 2): 'v3509(1, 3)', (2, 1): 'o9_38394(-1, 3)', (-2, 3): 'o9_43512(2, 1)', (1, 1): 's861(-3, 2)'}",1
X_74,kLLvPPQkacfhgjiihjjjkspbtaaefc_bBba,[],"{(1, 2): 'o9_40778(1, 3)', (-1, 1): 'm305(-5, 2)', (-1, 2): 'o9_36309(3, 2)', (-2, 1): 't12280(-2, 3)', (2, 1): 't12664(-1, 3)', (1, 1): 's903(1, 3)'}",1
X_75,kLLvPPQkcdhggighjjjhsdgknkcepi_baBb,[],"{(0, 1): 'm160(-2, 5)', (-1, 1): 's818(-3, 2)', (-2, 1): 't12301(-3, 2)', (2, 1): 'o9_36980(-3, 1)', (-3, 1): 'o9_42148(-3, 2)', (1, 1): 'v3245(3, 1)'}",1
X_76,kLLvPQMkcdggifihjijpcpgjjwshww_abBb,[],"{(-1, 1): 's850(3, 1)', (-1, 2): 'o9_43074(-3, 2)', (1, 1): 't09155(3, 2)', (-2, 1): 'o9_39055(-2, 3)'}",1
X_77,kLLvQAMkbdfffghijijxnqxvkvqhjn_BaaB,[],"{(1, 2): 'o9_39067(3, 4)', (-2, 3): 'o9_43125(-1, 3)', (-1, 1): 'm015(-2, 3)', (-1, 3): 'o9_41714(-4, 3)', (-1, 2): 'v3521(-4, 3)', (-2, 1): 'v3288(2, 5)', (-3, 1): 'o9_43188(-1, 3)', (-3, 2): 'o9_43549(-1, 3)'}",1
X_78,kLLvQAMkbdfffghijijxnqxvkvqqjj_aBba,[],"{(1, 2): 'v3448(2, 5)', (-2, 1): 'o9_39067(2, 5)', (3, 1): 'o9_41714(-5, 2)', (-1, 2): 'o9_40789(2, 3)', (3, 2): 'o9_43125(-3, 2)', (2, 1): 'v3521(-5, 2)', (1, 3): 'o9_43188(-3, 2)', (2, 3): 'o9_43549(-3, 2)', (1, 1): 'm006(-5, 2)'}",1
X_79,kLLvQAMkbdfffghijijxnqxvnvhhsn_aBbB,"[(1, 0)]","{(1, 2): 'o9_36099(4, 1)', (-2, 3): 'o9_43130(-1, 3)', (-2, 1): 'v3288(4, 1)', (-1, 3): 'o9_42064(-1, 3)', (-1, 2): 't11377(-1, 3)', (2, 1): 'o9_35197(3, 1)', (-3, 1): 'o9_41366(3, 1)', (-3, 2): 'o9_42895(-1, 3)', (1, 0): 'finite', (1, 1): 'v1678(4, 1)'}",1
X_80,kLLvQAMkbdfffghijijxnqxvnvhhwn_aBbB,[],"{(1, 2): 'o9_37884(4, 1)', (-2, 3): 'o9_43740(-1, 3)', (-2, 1): 'v3288(5, 2)', (-1, 3): 'o9_43025(-1, 3)', (-1, 2): 't11773(-1, 3)', (2, 1): 'o9_38274(3, 1)', (-3, 1): 'o9_42983(3, 1)', (-3, 2): 'o9_43716(-1, 3)', (1, 1): 'v1801(4, 1)'}",1
X_81,kLLvQPMkcdfhggiijjjugahjohmqxs_BbaB,"[(1, 0)]","{(0, 1): 's645(4, 1)', (-1, 1): 'v3210(-1, 3)', (-2, 1): 'o9_43325(3, 1)', (2, 1): 't12837(3, 1)', (1, 0): 'finite'}",1
X_82,kLLzPLQkcefegihijjjhqqxpurmias_BaaB,"[(1, 0)]","{(0, 1): 's645(5, 2)', (-1, 1): 'v3210(-2, 3)', (-2, 1): 'o9_43325(3, 2)', (2, 1): 't12837(3, 2)', (1, 0): 'finite'}",1
X_83,kLvAAAMkbefgfghijijdadihwcuxnk_abBa,"[(1, 0)]","{(1, 3): 't12038(2, 5)', (2, 1): 'v2495(2, 5)', (-2, 1): 'v2585(-5, 2)', (-4, 3): 'o9_37538(5, 2)', (-3, 2): 't12230(-5, 2)', (4, 1): 'o9_33256(-5, 2)', (3, 2): 't11916(-5, 2)', (-1, 2): 'v3441(5, 2)', (1, 4): 'o9_36312(-5, 2)', (-3, 1): 't11044(-5, 2)', (2, 3): 't12309(2, 5)', (1, 0): 'finite', (-3, 4): 'o9_38101(5, 2)', (5, 3): 'o9_38087(-5, 2)', (-2, 3): 't12510(-5, 2)', (3, 4): 'o9_37479(-5, 2)', (3, 1): 't10808(-5, 2)', (-1, 3): 't12258(-5, 2)', (-4, 1): 'o9_33725(5, 2)', (4, 3): 'o9_36730(-5, 2)', (-1, 4): 'o9_36691(5, 2)', (-5, 2): 'o9_37639(5, 2)', (5, 2): 'o9_37150(-5, 2)'}",1
X_84,kLvAAMPkcfefghiijijpxahukedlpj_bBba,"[(1, 0)]","{(1, 2): 'o9_41414(-3, 2)', (-1, 1): 'v2343(4, 1)', (3, 1): 'o9_37450(2, 3)', (-2, 1): 't11193(-3, 2)', (2, 1): 't09709(-2, 3)', (-3, 1): 'o9_39196(3, 2)', (1, 0): 'finite', (1, 1): 's682(3, 1)'}",1
X_85,kLvALMQkbefgghiijjjtalugkjfudq_abBa,[],"{(1, 2): 't12068(-2, 3)', (-1, 1): 'v2123(-2, 3)', (-1, 2): 'o9_36658(2, 3)', (3, 1): 'o9_41268(-3, 1)', (-2, 1): 't12371(3, 1)', (2, 1): 't09223(2, 3)', (-3, 1): 'o9_42048(-3, 1)', (1, 1): 'm294(1, 3)'}",1
X_86,kLvALPQkbefejghiijjltltugoofud_abBb,"[(1, 0)]","{(0, 1): 'v3205(-2, 1)', (-1, 1): 's784(-1, 2)', (-2, 1): 'v3086(1, 2)', (2, 1): 'o9_39706(1, 2)', (-3, 1): 'o9_38022(1, 2)', (1, 0): 'finite', (1, 1): 't10827(3, 1)'}",1
X_87,kLvALQAkadfigghihjjjaqacvhxaak_BbBa,[],"{(0, 1): 'm373(-1, 2)', (1, 2): 'o9_43485(3, 2)', (-2, 1): 'v3076(-3, 2)', (3, 1): 'o9_42149(3, 2)', (-1, 2): 'o9_37967(1, 2)', (2, 1): 't12553(3, 2)', (-3, 1): 'o9_38890(-3, 1)', (1, 1): 'v3209(3, 2)'}",1
X_88,kLvALQAkbefighihijjdadqknncfqs_baBb,[],"{(1, 2): 'o9_37967(-2, 3)', (-1, 1): 'v3076(-1, 3)', (3, 1): 'o9_42979(-3, 2)', (-2, 1): 'o9_40714(-3, 1)', (2, 1): 't12370(3, 2)', (1, 1): 'm373(-5, 3)'}",1
X_89,kLvALQAkbfeihgihijjxmxurjobfxr_baBb,[],"{(1, 2): 't12552(-1, 2)', (-2, 3): 'o9_42978(3, 2)', (-1, 1): 's640(-5, 2)', (3, 1): 't12649(-1, 3)', (3, 2): 'o9_41533(2, 3)', (-1, 3): 'o9_42414(3, 2)', (-1, 2): 't12553(3, 2)', (-2, 1): 'v3511(3, 2)', (2, 1): 'v3510(3, 1)', (-3, 1): 't12648(-2, 3)', (1, 3): 'o9_42413(-3, 2)', (-3, 2): 'o9_41534(3, 2)', (2, 3): 'o9_42979(-3, 2)', (-4, 1): 'o9_40949(-2, 3)', (4, 1): 'o9_40950(2, 3)', (1, 1): 'm207(1, 4)'}",1
X_90,kLvAMMAkaefghggihjjnhqcqnvqwhr_bBba,"[(1, 0)]","{(1, 2): 't08514(-4, 3)', (3, 2): 'o9_27526(-4, 3)', (3, 1): 't09868(-5, 3)', (-1, 3): 't10129(-4, 3)', (-1, 2): 'v2133(-2, 5)', (2, 1): 'v2746(3, 5)', (-2, 3): 't10145(-4, 3)', (1, 3): 'o9_27080(-4, 3)', (2, 3): 'o9_29187(-4, 3)', (-4, 3): 'o9_27459(-4, 3)', (-2, 5): 'o9_32056(-4, 3)', (1, 0): 'finite', (-1, 4): 'o9_29429(-4, 3)', (-3, 4): 'o9_29528(-4, 3)', (4, 1): 'o9_28448(-5, 3)', (-5, 3): 'o9_29679(-4, 3)'}",1
X_91,kLvAvQQkbefhiigjhijhaerrwwbnfk_bBab,[],"{(0, 1): 'm009(4, 1)', (1, 2): 't11472(2, 1)', (-1, 1): 'v3511(2, 1)', (-1, 2): 'o9_44061(-1, 2)', (3, 1): 'o9_43230(-1, 2)', (-2, 1): 't12839(-1, 2)', (2, 1): 't07786(-3, 1)', (-3, 1): 'o9_44144(-1, 2)'}",1
X_92,kLvAwAQkcdeghgjihijpjaufvhxwks_abBb,[],"{(1, 2): 'o9_33353(2, 3)', (-1, 1): 'm004(-7, 2)', (-1, 3): 'o9_42035(-1, 3)', (-1, 2): 'v3508(-1, 3)', (-2, 1): 'o9_22719(-3, 2)', (2, 1): 'o9_27744(-3, 2)', (-2, 3): 'o9_43193(-1, 3)', (1, 1): 's633(-5, 3)'}",1
X_93,kLvAwAQkcdeghgjihijujuafbhdwjs_baBb,[],"{(1, 2): 'o9_19118(-1, 3)', (-2, 3): 'o9_38289(-4, 1)', (-1, 1): 'm232(-1, 4)', (3, 1): 'o9_39743(3, 1)', (3, 2): 'o9_41816(3, 1)', (-1, 3): 'o9_35333(-4, 1)', (-1, 2): 't09527(-1, 4)', (-2, 1): 't09669(-1, 4)', (2, 1): 'v3411(3, 1)', (-3, 1): 'o9_35442(-4, 1)', (-3, 2): 'o9_38314(-4, 1)', (1, 1): 'm003(-1, 3)'}",1
X_94,kLvAwMQkaefehiihjijjuqkuthmans_aBba,[],"{(0, 1): 'm015(5, 1)', (1, 2): 'o9_43074(-3, 1)', (-1, 1): 'o9_44087(-3, 1)', (2, 1): 'o9_37946(-2, 3)'}",1
X_95,kLvAwMQkaefehiihjijjuqkuthmanw_bBab,[],"{(0, 1): 'm223(3, 1)', (1, 2): 'o9_43074(-3, 2)', (-1, 1): 'o9_35026(-1, 2)', (2, 1): 'o9_35896(-2, 3)'}",1
X_96,kLvAwMQkaefehiihjijnuqkuthmanw_aBba,[],"{(0, 1): 'm285(1, 2)', (1, 2): 'o9_43086(-3, 2)', (-1, 1): 'o9_29535(-1, 2)', (2, 1): 'o9_35896(-1, 3)'}",1
X_97,kLvLLQQkbfhihgjgjijxehnvbbocgb_abBb,[],"{(1, 2): 'o9_33689(1, 3)', (-1, 1): 'm369(-1, 3)', (3, 1): 'o9_41315(-3, 2)', (-1, 2): 't11705(1, 3)', (-2, 1): 't09525(1, 3)', (2, 1): 't12170(3, 2)', (-3, 1): 'o9_40715(3, 1)', (1, 1): 's818(-1, 3)'}",1
X_98,kLvLLQQkceggjhjjhiiqilcnfnsbow_BbBa,[],"{(0, 1): 'm149(-4, 3)', (1, 2): 'o9_36980(2, 3)', (-1, 1): 't09026(-1, 3)', (3, 1): 'o9_42979(-3, 1)', (-2, 1): 'o9_40714(-3, 2)', (2, 1): 't09525(-2, 3)'}",1
X_99,kLvLMPQkcfehiijghjjtlplbsmknae_bBba,[],"{(0, 1): 'm207(1, 2)', (1, 2): 'o9_36980(-1, 2)', (-1, 1): 'v3209(3, 1)', (-1, 2): 'o9_43485(3, 1)', (3, 1): 'o9_38890(-3, 2)', (-2, 1): 't12553(3, 1)', (2, 1): 't09026(-3, 2)', (-3, 1): 'o9_42149(3, 1)', (1, 1): 'm149(-5, 2)'}",1
X_100,kLvLMPQkcfehiijhgjjtlplbsmvwae_babb,"[(1, 0)]","{(-1, 1): 'm207(3, 4)', (-1, 2): 'o9_36980(1, 3)', (-2, 1): 't09525(-1, 3)', (2, 1): 'o9_41268(-3, 2)', (-3, 1): 'o9_42413(-3, 1)', (1, 0): 'finite', (1, 1): 't09026(-2, 3)'}",1
X_101,kLvLPMQkaefhgijijijnxsvruaamdp_baab,"[(1, 0)]","{(1, 2): 'o9_38394(1, 2)', (-1, 1): 's820(1, 3)', (3, 1): 'o9_39468(-1, 2)', (-1, 2): 'o9_38127(2, 1)', (-2, 1): 'v3539(-1, 3)', (2, 1): 't11472(1, 2)', (-3, 1): 't12772(2, 3)', (-3, 2): 'o9_43021(-1, 2)', (-4, 1): 'o9_42395(-3, 2)', (1, 0): 'finite', (1, 1): 'm285(1, 3)'}",1
X_102,kLvLPPQkaeghjighiijnqnrqmwbaln_aBba,"[(1, 0)]","{(1, 2): 't10439(1, 3)', (-1, 1): 's566(-4, 1)', (3, 1): 'o9_39376(3, 1)', (3, 2): 'o9_41380(-1, 3)', (-1, 2): 'o9_33440(4, 1)', (-2, 1): 'o9_29573(4, 1)', (2, 1): 't09749(-3, 1)', (1, 3): 'o9_40409(-1, 3)', (2, 3): 'o9_41772(-1, 3)', (1, 0): 'finite', (1, 1): 'm029(5, 3)'}",1
X_103,kLvLzQQkbeghiighjjjxpdvsvrnrcb_baab,"[(0, 1)]","{(1, 2): 'o9_42900(-1, 2)', (0, 1): 'finite', (-1, 1): 's939(-3, 1)', (3, 1): 'o9_42315(-3, 2)', (-1, 2): 'o9_43359(2, 1)', (-2, 1): 't12553(3, 1)', (2, 1): 't12301(-3, 2)', (-3, 1): 'o9_42813(3, 1)', (1, 1): 's899(4, 1)'}",1
X_104,kLvvMQQkbfigjigjihjxatvkvcfosn_abBa,"[(1, 0)]","{(1, 2): 'o9_37967(-1, 3)', (-1, 1): 'v3076(-2, 3)', (3, 1): 'o9_42413(-3, 2)', (-2, 1): 'o9_41268(-3, 1)', (2, 1): 't12170(3, 2)', (1, 0): 'finite', (1, 1): 'm373(-4, 3)'}",1
X_105,kLvwLQQkadfghihjijjnufospsieuj_babb,"[(1, 0)]","{(1, 2): 'o9_32352(-2, 3)', (-2, 3): 'o9_34486(-2, 3)', (-2, 1): 's663(-5, 2)', (3, 1): 'o9_41816(3, 1)', (-1, 3): 'o9_34289(-2, 3)', (-1, 2): 't07382(2, 3)', (2, 1): 't12402(3, 1)', (-3, 1): 'o9_24911(3, 2)', (-3, 2): 'o9_30462(3, 2)', (1, 0): 'finite', (1, 1): 'v2302(3, 1)'}",1
X_106,kLwMvPQkacefghjiijjjnxjqxkcgbw_BbBa,[],"{(1, 2): 'o9_34936(-1, 3)', (-2, 1): 't12180(-1, 2)', (-1, 2): 'o9_36195(3, 2)', (-1, 1): 'm340(5, 1)', (2, 1): 'o9_41414(-3, 1)', (1, 0): 'm007(1, 2)', (1, 1): 'm400(-3, 2)'}",1
X_107,kvLAAzQkcdegfihjijjwnkdpsfxwle_BbBa,[],"{(0, 1): 'm007(4, 1)', (-1, 1): 's645(1, 3)', (1, 1): 's801(-5, 1)', (-2, 1): 'o9_39706(1, 2)'}",1
X_108,lLAvLAPQccbbfhfjkkjjkqhkqawhxhahq_BabB,[],"{(1, 2): 't11603(3, 4)', (-2, 1): 'o9_31294(-4, 3)', (1, 3): 'o9_42104(3, 4)', (3, 1): 'o9_41036(-4, 3)', (3, 2): 'o9_42876(3, 4)', (2, 1): 't10918(-4, 3)', (2, 3): 'o9_43186(3, 4)', (1, 1): 'm157(-5, 4)'}",1
X_109,lLAvLAPQccbbfhfjkkjjkqqjqawhxhahq_aBba,"[(1, 0)]","{(-2, 1): 'o9_31294(-5, 2)', (3, 1): 'o9_41036(-5, 2)', (3, 2): 'o9_42876(2, 5)', (2, 1): 't10918(-5, 2)', (2, 3): 'o9_43186(2, 5)', (1, 0): 'finite'}",1
X_110,lLAvLAPQccbbfhfjkkjjkqqnqawhxhahq_aBbB,[],"{(1, 2): 't11603(1, 4)', (-1, 1): 'v1125(5, 1)', (3, 1): 'o9_41036(-4, 1)', (3, 2): 'o9_42876(1, 4)', (-1, 2): 'o9_34762(-4, 1)', (-2, 1): 'o9_31118(4, 1)', (2, 1): 't10918(-4, 1)', (1, 3): 'o9_42104(1, 4)', (2, 3): 'o9_43186(1, 4)'}",1
X_111,lLAvLLQQcbcbfgjhiikkkxxjxosofrddx_abBa,[],"{(1, 2): 'v3231(-5, 1)', (3, 2): 't11916(-1, 5)', (1, 3): 't12038(5, 1)', (-1, 3): 't12258(-1, 5)', (5, 2): 'o9_37150(-1, 5)', (3, 1): 't10808(-1, 5)', (2, 1): 'v2495(5, 1)', (-2, 3): 't12510(-1, 5)', (2, 3): 't12309(5, 1)', (1, 4): 'o9_36312(-1, 5)', (4, 3): 'o9_36730(-1, 5)', (-4, 3): 'o9_37538(1, 5)', (3, 4): 'o9_37479(-1, 5)', (-1, 4): 'o9_36691(1, 5)', (-5, 2): 'o9_37639(1, 5)', (4, 1): 'o9_33256(-1, 5)', (-3, 4): 'o9_38101(1, 5)', (5, 3): 'o9_38087(-1, 5)'}",1
X_112,lLAvLMMQcbcbfhjiikkkjxxjxaxgbxhqn_aBbB,[],"{(1, 2): 'o9_40789(1, 4)', (-2, 3): 'o9_43549(-4, 1)', (-1, 1): 'm003(-1, 3)', (-1, 3): 'o9_43188(-4, 1)', (-1, 2): 't10636(5, 2)', (-2, 1): 'v3521(-5, 1)', (2, 1): 'o9_39067(1, 5)', (-3, 1): 'o9_41714(-5, 1)', (-3, 2): 'o9_43125(-4, 1)'}",1
X_113,lLAvLMMQccbbfhjiikkkjqqjqaqgbxhqj_BabB,[],"{(3, 2): 'o9_43716(-2, 5)', (3, 1): 'o9_42983(5, 2)', (2, 1): 't11421(5, 2)'}",1
X_114,lLAvLMMQccbbfhjiikkkjqqjqaqgbxhqn_BabB,"[(1, 0)]","{(3, 2): 'o9_42895(-2, 5)', (3, 1): 'o9_41366(5, 2)', (1, 0): 'finite', (2, 1): 't10636(5, 2)'}",1
X_115,lLAvLMMQccbbfhjiikkkjqqnqaqgbxhqj_BabB,[],"{(1, 2): 't11773(-1, 4)', (-1, 1): 'v1801(5, 1)', (3, 1): 'o9_42983(4, 1)', (3, 2): 'o9_43716(-1, 4)', (-1, 2): 'o9_37884(5, 1)', (-2, 1): 'o9_38274(4, 1)', (2, 1): 't10396(5, 2)', (1, 3): 'o9_43025(-1, 4)', (2, 3): 'o9_43740(-1, 4)'}",1
X_116,lLAvLMMQccbbfhjiikkkjqqnqaqgbxhqn_BabB,"[(1, 0)]","{(1, 2): 't11377(-1, 4)', (-1, 1): 'v1678(5, 1)', (3, 1): 'o9_41366(4, 1)', (3, 2): 'o9_42895(-1, 4)', (-1, 2): 'o9_36099(5, 1)', (-2, 1): 'o9_35197(4, 1)', (2, 1): 't10396(4, 1)', (1, 3): 'o9_42064(-1, 4)', (2, 3): 'o9_43130(-1, 4)', (1, 0): 'finite'}",1
X_117,lLAvLQLQccbbfhfijkkjkqqjqawgxxuqk_baBb,"[(1, 0)]","{(1, 0): 'finite', (-2, 1): 'o9_30634(5, 2)', (3, 1): 'o9_39376(5, 2)', (3, 2): 'o9_41380(-2, 5)', (2, 1): 't09776(2, 5)'}",1
X_118,lLAvLzQQccbbffijkijkkqqnqwnvucbad_aBbB,[],"{(1, 2): 't10439(1, 4)', (-1, 1): 's566(-5, 1)', (3, 1): 'o9_39376(4, 1)', (3, 2): 'o9_41380(-1, 4)', (-1, 2): 'o9_33440(5, 1)', (-2, 1): 'o9_30634(4, 1)', (2, 1): 't09776(1, 4)', (1, 3): 'o9_40409(-1, 4)', (2, 3): 'o9_41772(-1, 4)'}",1
X_119,lLAvPAPMcbcbgfhhijikkxxjqxabxxwqn_baBb,"[(1, 0)]","{(1, 2): 'v2133(-1, 5)', (-4, 1): 'o9_28448(-5, 4)', (3, 2): 'o9_21007(3, 4)', (1, 3): 'o9_23919(-1, 5)', (-3, 1): 't09868(-5, 4)', (2, 3): 'o9_24147(-4, 3)', (-3, 2): 'o9_28200(4, 5)', (1, 0): 'finite', (4, 1): 'o9_25796(1, 4)'}",1
X_120,lLAvPAPPcbcbhgffijkkkhhjaahnqqqxh_aBba,[],"{(1, 2): 't09831(5, 4)', (-1, 1): 'v2334(5, 1)', (3, 1): 'o9_39376(4, 1)', (3, 2): 'o9_40795(-1, 4)', (-1, 2): 'o9_37815(5, 1)', (-2, 1): 'o9_35678(4, 1)', (2, 1): 't08858(1, 4)', (1, 3): 'o9_40913(-1, 4)', (2, 3): 'o9_41445(-1, 4)'}",1
X_121,lLAvPMzQcbcbgfhijkijkxxjxxqxhqnwn_BbBa,[],"{(1, 2): 'o9_32163(-5, 1)', (-1, 3): 'o9_33126(-1, 5)', (-2, 3): 'o9_33186(4, 5)', (2, 1): 'o9_32309(-5, 1)', (-3, 1): 'o9_34442(4, 1)', (-3, 2): 'o9_34471(4, 1)'}",1
X_122,lLLALLQPcccedfjhijkkkhwxrcaaxvxem_baab,"[(1, 0)]","{(0, 1): 'v2656(-5, 2)', (-1, 1): 'o9_29115(1, 2)', (3, 1): 'o9_43120(3, 2)', (-2, 1): 'o9_41414(-3, 1)', (2, 1): 't12383(-3, 2)', (1, 0): 'finite', (1, 1): 'v3086(3, 2)'}",1
X_123,lLLALvQQcbedehijjkkikhhfuwpimumrk_baab,"[(1, 0)]","{(0, 1): 't07403(1, 3)', (-1, 1): 't11273(3, 1)', (-2, 1): 'o9_39376(3, 1)', (2, 1): 't09384(-1, 3)', (1, 0): 'finite', (1, 1): 's460(-5, 2)'}",1
X_124,lLLALzMQcbdedfgikijkkdoagkfpqkoxh_abBa,"[(1, 0)]","{(0, 1): 'm147(-5, 2)', (-1, 1): 's840(-3, 1)', (3, 1): 't12119(3, 1)', (-2, 1): 'o9_29247(3, 1)', (2, 1): 'v3433(-3, 1)', (1, 0): 'finite', (4, 1): 'o9_39376(3, 1)', (1, 1): 'v2302(3, 1)'}",1
X_125,lLLLALQMccdggeihihjkkhshqtalirwhr_abBb,[],"{(-3, 1): 'o9_41036(-5, 3)', (-2, 1): 't10918(-5, 3)', (-3, 2): 'o9_42876(3, 5)'}",1
X_126,lLLLAPLQcbefgfiihjjkkhhihihajeskj_baab,[],"{(1, 2): 'o9_42869(2, 3)', (-2, 3): 'o9_42832(2, 3)', (-2, 1): 't09213(3, 2)', (-1, 3): 'o9_42770(2, 3)', (-1, 2): 't09893(2, 3)', (2, 1): 'o9_42876(2, 3)', (-3, 1): 'o9_42542(-3, 2)', (-3, 2): 'o9_42619(-3, 2)', (1, 1): 't07670(5, 1)'}",1
X_127,lLLLAPzQccdffgfhijjkklceilrajfjhj_bBba,"[(1, 0)]","{(0, 1): 't09458(-2, 3)', (-1, 1): 't11760(-3, 2)', (1, 0): 'finite', (1, 1): 't10529(-5, 3)', (-2, 1): 'o9_41414(-3, 2)'}",1
X_128,lLLLAvQQcacfgehjijkkknkgkgxqwfofr_bBba,[],"{(1, 2): 'o9_42106(1, 3)', (-1, 1): 's786(-1, 3)', (3, 1): 'o9_41315(-4, 3)', (-1, 2): 'o9_39328(-1, 3)', (-2, 1): 't11833(-4, 1)', (2, 1): 't12170(4, 3)', (-3, 1): 'o9_40715(4, 1)', (1, 1): 'v2575(-1, 3)'}",1
X_129,lLLLAvQQccdegekijjikkqrutqulrfgvb_bBba,[],"{(0, 1): 's119(4, 1)', (-1, 1): 'v2846(-1, 3)', (1, 1): 'm222(-3, 2)', (2, 1): 'o9_43381(-1, 2)', (-2, 1): 'o9_41414(-3, 2)'}",1
X_130,lLLLAwMQcbedfghjjkkjkxxjiixxcsfkn_bBba,[],"{(0, 1): 'm003(-1, 3)', (1, 2): 'o9_41337(-4, 1)', (-1, 1): 's493(5, 1)', (-1, 2): 'o9_39952(4, 1)', (-2, 1): 't11188(-5, 1)', (2, 1): 'o9_39706(1, 4)', (1, 1): 'v2200(-1, 4)'}",1
X_131,lLLLAzPQcacfegihjjikkjkgrkixbkwkn_baab,"[(1, 0)]","{(1, 2): 'o9_28711(2, 5)', (-1, 1): 'm349(1, 3)', (3, 1): 't12627(5, 2)', (3, 2): 'o9_40166(-5, 2)', (-1, 2): 't11063(-5, 3)', (-2, 1): 't10524(-3, 2)', (2, 1): 'v3433(-5, 2)', (-3, 1): 'o9_37388(-5, 2)', (1, 0): 'finite', (4, 1): 'o9_41036(-5, 2)'}",1
X_132,lLLLLAAQcbcgfihgjkikklougoonhhkrw_BaaB,[],"{(0, 1): 'm168(2, 3)', (-2, 1): 'o9_34305(-1, 3)', (1, 1): 'o9_39468(-2, 1)'}",1
X_133,lLLLLAPQcacfghfihjkkkjkgjqsmjbbwr_baab,[],"{(-2, 1): 'o9_33117(3, 2)', (-1, 2): 'o9_42075(2, 3)', (1, 1): 't09330(-2, 5)', (2, 1): 'o9_43512(3, 2)'}",1
X_134,lLLLLAPQcacfghfihjkkknkgjqsmjbbwr_abBb,"[(1, 0)]","{(1, 0): 'finite', (-2, 1): 'o9_32044(3, 2)', (-1, 2): 'o9_42075(1, 3)', (1, 1): 't09330(-1, 4)', (2, 1): 'o9_43512(3, 1)'}",1
X_135,lLLLLAPQcacfghfihkjkkjkgjqsmjkvvw_baab,"[(1, 0)]","{(1, 2): 'o9_35888(-5, 2)', (-2, 1): 't08114(3, 2)', (3, 1): 'o9_41816(5, 2)', (-1, 2): 't10088(-5, 3)', (2, 1): 't12402(5, 2)', (-3, 1): 'o9_38231(3, 2)', (1, 0): 'finite', (1, 1): 'v2302(5, 2)'}",1
X_136,lLLLLAQMccegeghihjikkquqtrvfkeshj_abBa,[],"{(1, 2): 't12530(3, 4)', (-2, 1): 'o9_31228(4, 3)', (3, 1): 'o9_41816(4, 3)', (-1, 2): 'o9_36396(4, 3)', (3, 2): 'o9_43574(4, 3)', (2, 1): 't11043(-4, 1)', (1, 3): 'o9_43468(-3, 4)', (2, 3): 'o9_43854(4, 3)', (1, 1): 'm193(1, 4)'}",1
X_137,lLLLLAQMccegeghihjikkquqtrvfkeshw_bBab,[],"{(1, 3): 'o9_43468(-3, 5)', (3, 2): 'o9_43574(5, 3)', (3, 1): 'o9_41816(5, 3)', (2, 3): 'o9_43854(5, 3)', (2, 1): 't11240(-2, 3)'}",1
X_138,lLLLLAQMccegeghihjikkquqtrvfkesxj_bBab,[],"{(1, 2): 't12530(1, 4)', (-1, 1): 's534(-5, 1)', (3, 1): 'o9_41816(4, 1)', (3, 2): 'o9_43574(4, 1)', (-1, 2): 'o9_36396(4, 1)', (-2, 1): 'o9_28250(-3, 2)', (2, 1): 't11240(-3, 1)', (1, 3): 'o9_43468(-1, 4)', (2, 3): 'o9_43854(4, 1)'}",1
X_139,lLLLLAQMccegeghihjikkquqtrvfkesxn_bBab,[],"{(1, 2): 't12530(2, 5)', (-2, 1): 'o9_31228(5, 2)', (1, 3): 'o9_43468(-2, 5)', (3, 1): 'o9_41816(5, 2)', (3, 2): 'o9_43574(5, 2)', (2, 1): 't11240(-3, 2)', (2, 3): 'o9_43854(5, 2)'}",1
X_140,lLLLLAQMccegeghihjikkquqtrvfkewhj_bBab,[],"{(1, 2): 't11956(3, 4)', (-1, 1): 'm162(5, 3)', (3, 1): 'o9_41820(4, 3)', (3, 2): 'o9_43193(-3, 4)', (-1, 2): 't11140(4, 3)', (-2, 1): 'o9_31755(4, 3)', (2, 1): 't11440(3, 1)', (1, 3): 'o9_41902(-3, 4)', (2, 3): 'o9_43239(-3, 4)', (1, 1): 'm182(1, 4)'}",1
X_141,lLLLLAQMccegeghihjikkquqtrvfkewhw_bBab,[],"{(-1, 1): 'm175(5, 3)', (1, 3): 'o9_41902(-3, 5)', (3, 1): 'o9_41820(5, 3)', (3, 2): 'o9_43193(-3, 5)', (2, 1): 't11440(3, 2)', (2, 3): 'o9_43239(-3, 5)', (-2, 1): 'o9_31755(5, 3)'}",1
X_142,lLLLLAQMccegeghihjikkquqtrvfkewxj_bBab,[],"{(1, 2): 't11956(1, 4)', (-2, 1): 'o9_31755(4, 1)', (3, 1): 'o9_41820(4, 1)', (-1, 2): 't11140(4, 1)', (3, 2): 'o9_43193(-1, 4)', (2, 1): 't11440(1, 3)', (1, 3): 'o9_41902(-1, 4)', (2, 3): 'o9_43239(-1, 4)'}",1
X_143,lLLLLAQMccegeghihjikkquqtrvfkewxn_bBab,[],"{(-1, 1): 'm137(2, 3)', (1, 3): 'o9_41902(-2, 5)', (3, 1): 'o9_41820(5, 2)', (-1, 2): 't11140(5, 2)', (-2, 1): 'o9_31755(5, 2)', (2, 1): 't11440(2, 3)', (3, 2): 'o9_43193(-2, 5)', (2, 3): 'o9_43239(-2, 5)'}",1
X_144,lLLLLAQPcbcffihhjjkkktrejjsbtlptv_baBb,"[(1, 0)]","{(0, 1): 's490(1, 3)', (-1, 1): 'm303(-5, 2)', (-2, 1): 'o9_33454(3, 1)', (2, 1): 'o9_39468(-1, 2)', (1, 0): 'finite', (1, 1): 't09925(3, 2)'}",1
X_145,lLLLLAQPccedghhgijjkkplrgwvfoptvr_abBa,"[(1, 0)]","{(1, 2): 'o9_37194(-3, 2)', (-2, 3): 'o9_40810(2, 3)', (-2, 1): 'v2804(2, 3)', (-1, 3): 'o9_40488(-3, 2)', (-1, 2): 't09452(2, 3)', (2, 1): 'o9_35424(-3, 2)', (-3, 1): 't12769(3, 2)', (-3, 2): 'o9_40196(2, 3)', (-4, 1): 'o9_43574(3, 2)', (1, 0): 'finite', (1, 1): 's777(5, 2)'}",1
X_146,lLLLLLQQcacfgkgijkjikjkgjtrlwsrjs_abBa,"[(1, 0)]","{(-1, 1): 's952(-2, 3)', (3, 1): 'o9_43919(5, 2)', (-1, 2): 'o9_43139(2, 3)', (-2, 1): 'o9_40606(-2, 3)', (2, 1): 't12615(-2, 5)', (1, 0): 'finite'}",1
X_147,lLLLLLQQcacfhjjhhikkkjkgdueillkns_abBb,[],"{(1, 2): 't11836(-3, 2)', (-2, 3): 'o9_42048(5, 2)', (-2, 1): 'v3511(5, 2)', (3, 1): 't12051(-2, 5)', (-1, 3): 'o9_41319(5, 2)', (-1, 2): 't12427(5, 2)', (3, 2): 'o9_38890(-5, 2)', (2, 1): 'v3247(-5, 3)', (-3, 1): 't12548(-2, 5)', (1, 3): 'o9_40714(-5, 2)', (-4, 1): 'o9_39739(-2, 5)', (2, 3): 'o9_41268(-5, 2)', (-3, 2): 'o9_40557(5, 2)', (4, 1): 'o9_38401(2, 5)', (1, 1): 'm320(-5, 1)'}",1
X_148,lLLLLLQQcacfhjjhhikkkjkgduhillkns_abBa,[],"{(0, 1): 'm373(-3, 2)', (1, 2): 'o9_42045(3, 2)', (-1, 1): 'v3209(5, 2)', (-1, 2): 'o9_43485(5, 2)', (3, 1): 'o9_38890(-5, 3)', (-2, 1): 't12553(5, 2)', (2, 1): 't10467(-5, 3)', (-3, 1): 'o9_42149(5, 2)'}",1
X_149,lLLLLLQQcacfhjjhhikkknkgdueillkns_bBab,[],"{(1, 2): 't11836(-3, 1)', (-2, 3): 'o9_42048(4, 1)', (-1, 1): 's787(4, 1)', (-1, 2): 't12427(4, 1)', (3, 2): 'o9_38890(-4, 1)', (-1, 3): 'o9_41319(4, 1)', (3, 1): 't12051(-1, 4)', (-2, 1): 'v3511(4, 1)', (2, 1): 'v3247(-4, 3)', (-3, 1): 't12548(-1, 4)', (1, 3): 'o9_40714(-4, 1)', (-3, 2): 'o9_40557(4, 1)', (2, 3): 'o9_41268(-4, 1)', (-4, 1): 'o9_39739(-1, 4)', (4, 1): 'o9_38401(1, 4)', (1, 1): 'm307(-5, 1)'}",1
X_150,lLLLLLQQcacfikjhihkkjjkgmtahuqjgr_abBa,"[(0, 1)]","{(1, 2): 't12552(-3, 2)', (-2, 3): 'o9_42978(5, 2)', (-1, 1): 's640(-7, 2)', (3, 1): 't12649(-2, 5)', (3, 2): 'o9_41533(2, 5)', (0, 1): 'finite', (-1, 3): 'o9_42414(5, 2)', (-1, 2): 't12553(5, 2)', (-2, 1): 'v3511(5, 2)', (2, 1): 'v3510(5, 3)', (-3, 1): 't12648(-2, 5)', (1, 3): 'o9_42413(-5, 2)', (-3, 2): 'o9_41534(5, 2)', (2, 3): 'o9_42979(-5, 2)', (-4, 1): 'o9_40949(-2, 5)', (4, 1): 'o9_40950(2, 5)', (1, 1): 's639(-2, 3)'}",1
X_151,lLLLLLQQcacfikjhihkkjnkgmtxhuqjgj_bBba,[],"{(1, 2): 't12427(4, 3)', (-2, 3): 'o9_41268(-4, 3)', (-1, 1): 'm135(1, 5)', (3, 1): 't12548(-3, 4)', (3, 2): 'o9_40557(4, 3)', (-1, 3): 'o9_40714(-4, 3)', (-1, 2): 't11836(-1, 3)', (-2, 1): 'v3247(-4, 1)', (2, 1): 'v3511(4, 3)', (-3, 1): 't12051(-1, 4)', (1, 3): 'o9_41319(4, 3)', (-3, 2): 'o9_38890(-4, 3)', (2, 3): 'o9_42048(4, 3)', (-4, 1): 'o9_38401(3, 4)', (4, 1): 'o9_39739(-3, 4)'}",1
X_152,lLLLLLQQcacgejijihjkknkcktxamjvfw_baBb,[],"{(1, 2): 'o9_30293(1, 4)', (-1, 1): 'm015(3, 2)', (-1, 2): 'o9_28043(-3, 2)', (-2, 1): 'v3479(3, 1)', (2, 1): 'o9_27873(1, 4)', (-3, 1): 'o9_41815(3, 1)', (-3, 2): 'o9_43574(3, 1)', (1, 1): 's304(5, 2)'}",1
X_153,lLLLLLQQcbeffkihhjjkkxxixmbbsuqhj_abBb,[],"{(0, 1): 'm371(-1, 2)', (1, 2): 'o9_43484(-4, 1)', (-1, 1): 's298(7, 2)', (3, 1): 'o9_42148(-4, 1)', (-1, 2): 'o9_42044(-4, 1)', (-2, 1): 't10466(-4, 1)', (2, 1): 't12552(-3, 1)', (-3, 1): 'o9_38891(-4, 1)', (1, 1): 'v3210(-3, 1)'}",1
X_154,lLLLLMAQcacfghjgikijkjkgjhejlxjrn_bBba,"[(1, 0)]","{(-3, 1): 'o9_43188(-3, 2)', (-2, 1): 't11436(-2, 5)', (1, 0): 'finite', (2, 1): 't12459(5, 3)'}",1
X_155,lLLLLMAQcacfghjgikijkjkgjqerlxjrk_abBa,"[(1, 0)]","{(1, 0): 'finite', (3, 1): 'o9_43188(-2, 3)', (2, 1): 't11413(2, 5)'}",1
X_156,lLLLLMAQcacfghjgikijknkgjhejlxjrn_bBba,"[(1, 0)]","{(1, 2): 'o9_33615(5, 3)', (-1, 1): 'v1143(2, 5)', (-1, 2): 'o9_33717(-3, 5)', (-2, 1): 't10546(-2, 5)', (2, 1): 't12137(5, 3)', (-3, 1): 'o9_43188(-3, 1)', (1, 0): 'finite', (1, 1): 's753(-5, 3)'}",1
X_157,lLLLLMAQcacfghjgikijknkgjqerlxjrk_abBa,"[(1, 0)]","{(1, 0): 'finite', (3, 1): 'o9_43188(-1, 3)', (2, 1): 't10411(2, 5)'}",1
X_158,lLLLLMPQccdghhjkhjijkhshrchhrljln_bBab,"[(1, 0)]","{(1, 2): 'v3481(-1, 4)', (-1, 1): 't09367(1, 3)', (3, 1): 'o9_41677(4, 1)', (3, 2): 'o9_42274(4, 1)', (-1, 2): 'o9_41820(4, 1)', (-2, 1): 'o9_41816(4, 1)', (2, 1): 't08805(-5, 1)', (1, 3): 'o9_42008(-1, 4)', (2, 3): 'o9_42520(-1, 4)', (1, 0): 'finite'}",1
X_159,lLLLLMPQccdghhjkhjijkhshrchhrljlr_bBab,"[(1, 0)]","{(3, 2): 'o9_42274(5, 2)', (3, 1): 'o9_41677(5, 2)', (-1, 2): 'o9_41820(5, 2)', (-1, 1): 't09367(2, 3)', (2, 1): 't08805(-7, 2)', (1, 3): 'o9_42008(-2, 5)', (2, 3): 'o9_42520(-2, 5)', (-2, 1): 'o9_41816(5, 2)', (1, 0): 'finite'}",1
X_160,lLLLLMPQccdghhjkhjijkhshrchhrlkln_abBb,[],"{(1, 2): 'o9_43574(4, 1)', (-2, 3): 'o9_43450(4, 1)', (-2, 1): 'v3415(-1, 4)', (-1, 3): 'o9_43676(4, 1)', (-1, 2): 't11152(-4, 1)', (2, 1): 'o9_43193(-1, 4)', (-3, 1): 'o9_42345(-1, 4)', (-3, 2): 'o9_42643(-1, 4)', (1, 1): 't10703(-3, 1)'}",1
X_161,lLLLLMPQccdghhjkhjijkhshrchhrlklr_abBa,[],"{(1, 2): 't11152(-5, 2)', (3, 2): 'o9_43574(5, 2)', (1, 3): 'o9_43450(5, 2)', (3, 1): 'o9_43193(-2, 5)', (2, 1): 't10703(-3, 2)', (2, 3): 'o9_43676(5, 2)'}",1
X_162,lLLLLMPQccdghhjkhjijkhshrchqrljlj_bBab,[],"{(-1, 1): 't09367(3, 2)', (-1, 2): 'o9_41820(5, 3)', (3, 1): 'o9_41677(5, 3)', (-2, 1): 'o9_41816(5, 3)'}",1
X_163,lLLLLMPQccdghhjkhjijkhshrchqrljln_bBab,[],"{(3, 2): 'o9_42274(4, 3)', (1, 3): 'o9_42008(-3, 4)', (3, 1): 'o9_41677(4, 3)', (-1, 2): 'o9_41820(4, 3)', (-1, 1): 'v3348(4, 1)', (2, 3): 'o9_42520(-3, 4)', (-2, 1): 'o9_41816(4, 3)'}",1
X_164,lLLLLMPQccdghhjkhjijkhshrchqrlklj_abBa,[],"{(3, 2): 'o9_43574(5, 3)', (3, 1): 'o9_43193(-3, 5)', (2, 3): 'o9_43676(5, 3)', (2, 1): 't10703(-2, 3)'}",1
X_165,lLLLLMPQccdghhjkhjijkhshrchqrlkln_abBa,[],"{(1, 2): 't11152(-4, 3)', (-2, 1): 'o9_42345(-3, 4)', (3, 1): 'o9_43193(-3, 4)', (-1, 2): 'o9_42643(-3, 4)', (3, 2): 'o9_43574(4, 3)', (2, 1): 't10403(-4, 1)', (1, 3): 'o9_43450(4, 3)', (2, 3): 'o9_43676(4, 3)'}",1
X_166,lLLLLPMQcbegijhjkhkikhhmhhollkirc_bBab,"[(1, 0)]","{(1, 0): 'finite', (3, 1): 'o9_32278(-6, 1)', (-4, 1): 'o9_34146(-6, 1)', (2, 1): 't08508(-6, 1)'}",1
X_167,lLLLLPPQcacfgihjikjkknkrjpeamoccv_bBba,"[(1, 0)]","{(1, 2): 'o9_38394(1, 3)', (-1, 1): 's820(1, 4)', (3, 1): 'o9_39468(-1, 3)', (-1, 2): 'o9_38127(3, 1)', (-2, 1): 'v3539(-1, 4)', (2, 1): 't11472(1, 3)', (-3, 1): 't12772(3, 4)', (-4, 1): 'o9_42395(-4, 3)', (-3, 2): 'o9_43021(-1, 3)', (1, 0): 'finite', (1, 1): 's850(1, 3)'}",1
X_168,lLLLLPPQcacfgijhkhjkkjkgjuqhlsosn_baBb,[],"{(-1, 1): 't10897(5, 2)', (3, 1): 'o9_42979(-5, 3)', (-2, 1): 'o9_40714(-5, 2)', (2, 1): 't12370(5, 3)'}",1
X_169,lLLLLPPQcacfgijhkhjkkjkgjuqhlwosn_baBb,"[(1, 0)]","{(-1, 1): 't11278(5, 2)', (3, 1): 'o9_42413(-5, 3)', (-2, 1): 'o9_41268(-5, 2)', (2, 1): 't12170(5, 3)', (1, 0): 'finite', (1, 1): 's838(-4, 3)'}",1
X_170,lLLLLPPQcacfgijhkhjkkjkgjuqxljosn_bBba,[],"{(1, 2): 't12427(5, 3)', (-2, 3): 'o9_41268(-5, 3)', (-1, 1): 'm262(-5, 1)', (1, 3): 'o9_41319(5, 3)', (3, 2): 'o9_40557(5, 3)', (-1, 3): 'o9_40714(-5, 3)', (-1, 2): 't11836(-2, 3)', (-2, 1): 'v3247(-5, 2)', (-3, 1): 't12051(-2, 5)', (-3, 2): 'o9_38890(-5, 3)', (2, 3): 'o9_42048(5, 3)', (-4, 1): 'o9_38401(3, 5)'}",1
X_171,lLLLLPPQcacfgijhkhjkknkgjuqalrosn_abBb,[],"{(1, 2): 't12552(-3, 1)', (-2, 3): 'o9_42978(4, 1)', (-1, 1): 's640(-5, 1)', (3, 1): 't12649(-1, 4)', (3, 2): 'o9_41533(1, 4)', (-1, 3): 'o9_42414(4, 1)', (-1, 2): 't12553(4, 1)', (-2, 1): 'v3511(4, 1)', (2, 1): 'v3510(4, 3)', (-3, 1): 't12648(-1, 4)', (1, 3): 'o9_42413(-4, 1)', (-3, 2): 'o9_41534(4, 1)', (2, 3): 'o9_42979(-4, 1)', (-4, 1): 'o9_40949(-1, 4)', (4, 1): 'o9_40950(1, 4)', (1, 1): 's639(-1, 3)'}",1
X_172,lLLLLPPQcacfgijhkhjkknkgjuqhlsosn_bBba,[],"{(-1, 1): 't09972(-1, 3)', (3, 1): 'o9_42979(-4, 3)', (-2, 1): 'o9_40714(-4, 1)', (2, 1): 't12370(4, 3)'}",1
X_173,lLLLLPPQcacfgijhkhjkknkgjuqhlwosn_baab,"[(1, 0)]","{(-1, 1): 't09972(-2, 3)', (3, 1): 'o9_42413(-4, 3)', (-2, 1): 'o9_41268(-4, 1)', (2, 1): 't12170(4, 3)', (1, 0): 'finite', (1, 1): 's788(-4, 3)'}",1
X_174,lLLLLPPQcacfgijhkhjkknkgjuqxlkosn_baab,[],"{(0, 1): 'm373(-1, 3)', (1, 2): 'o9_43485(4, 3)', (-2, 1): 't09972(-3, 2)', (3, 1): 'o9_42149(4, 3)', (-1, 2): 'o9_42045(1, 3)', (2, 1): 't12553(4, 3)', (-3, 1): 'o9_38890(-4, 1)', (1, 1): 'v3209(4, 3)'}",1
X_175,lLLLLPPQcbcfhjghjkkkjtshbifsmilit_baab,[],"{(1, 2): 'o9_40796(3, 2)', (-1, 1): 'm036(-6, 1)', (3, 1): 'o9_40557(-3, 2)', (-1, 2): 'o9_38335(-1, 2)', (-2, 1): 'v3499(3, 1)', (2, 1): 't11948(-3, 2)', (-3, 1): 'o9_38890(-3, 2)', (1, 1): 'v2467(5, 2)'}",1
X_176,lLLLLPPQccdfgighjjkkkhsmgcsjmxeln_bBab,"[(1, 0)]","{(0, 1): 'm378(1, 3)', (-2, 1): 't09669(1, 3)', (2, 1): 'o9_39468(-1, 2)', (-3, 1): 'o9_39405(-1, 3)', (1, 0): 'finite', (1, 1): 't10481(-3, 1)'}",1
X_177,lLLLLPPQccdfgiikjjjkkhsqgrrqmputl_bBab,[],"{(0, 1): 'm007(1, 2)', (1, 2): 'o9_39663(1, 2)', (-1, 1): 'v2861(3, 2)', (-1, 2): 'o9_43359(1, 2)', (3, 1): 'o9_42315(-3, 1)', (-2, 1): 't12553(3, 2)', (2, 1): 't12116(-3, 1)', (-3, 1): 'o9_42813(3, 2)', (1, 1): 'm373(-4, 1)'}",1
X_178,lLLLLPQPcccefjhhjikjklnurunkivhqk_baab,"[(1, 0)]","{(1, 0): 'finite', (-1, 1): 't08636(-2, 3)', (1, 1): 'm378(3, 2)', (-2, 1): 'o9_41414(-3, 2)'}",1
X_179,lLLLLPQPcccefjhhjikjklnurunkivhqr_baab,"[(1, 0)]","{(1, 0): 'finite', (-1, 1): 't08636(-1, 3)', (1, 1): 's723(-1, 3)', (-2, 1): 'o9_41414(-3, 1)'}",1
X_180,lLLLLQLQccdghhghjijkkhshoswvpjpkk_bBab,"[(1, 0)]","{(1, 2): 't10439(1, 3)', (-1, 1): 't06946(4, 1)', (3, 1): 'o9_40390(-3, 1)', (3, 2): 'o9_41881(-3, 1)', (-1, 2): 'o9_41724(1, 3)', (-2, 1): 'o9_41036(-3, 1)', (2, 1): 't08120(4, 1)', (1, 3): 'o9_42482(1, 3)', (2, 3): 'o9_42778(1, 3)', (1, 0): 'finite'}",1
X_181,lLLLLwQQcacfgijhkhkjkjkgjmqhmwfok_abBa,[],"{(-3, 1): 'o9_42979(-5, 2)', (-2, 1): 't12370(5, 2)', (1, 1): 't10897(5, 3)', (2, 1): 'o9_40714(-5, 3)'}",1
X_182,lLLLLwQQcacfgijhkhkjkjkgjmqxmjfok_baab,[],"{(1, 2): 't12553(5, 3)', (-2, 3): 'o9_42979(-5, 3)', (-1, 1): 's639(-3, 2)', (1, 3): 'o9_42414(5, 3)', (3, 2): 'o9_41534(5, 3)', (-1, 3): 'o9_42413(-5, 3)', (-1, 2): 't12552(-2, 3)', (-2, 1): 'v3510(5, 2)', (-3, 1): 't12649(-2, 5)', (-3, 2): 'o9_41533(3, 5)', (2, 3): 'o9_42978(5, 3)', (-4, 1): 'o9_40950(3, 5)'}",1
X_183,lLLLLwQQcacfgijhkhkjknkgjmqhmwfok_bBba,[],"{(-3, 1): 'o9_42979(-4, 1)', (-2, 1): 't12370(4, 1)', (1, 1): 't10897(4, 3)', (2, 1): 'o9_40714(-4, 3)'}",1
X_184,lLLLLwQQcacfgijhkhkjknkgjmqxmjfok_baab,[],"{(1, 2): 't12553(4, 3)', (-2, 3): 'o9_42979(-4, 3)', (-1, 1): 'm369(4, 1)', (3, 1): 't12648(-3, 4)', (3, 2): 'o9_41534(4, 3)', (-1, 3): 'o9_42413(-4, 3)', (-1, 2): 't12552(-1, 3)', (-2, 1): 'v3510(4, 1)', (2, 1): 'v3511(4, 3)', (-3, 1): 't12649(-1, 4)', (1, 3): 'o9_42414(4, 3)', (-3, 2): 'o9_41533(3, 4)', (2, 3): 'o9_42978(4, 3)', (-4, 1): 'o9_40950(3, 4)', (4, 1): 'o9_40949(-3, 4)'}",1
X_185,lLLLLwQQccdehfhikjjkklkmwkwnpuaun_bBba,[],"{(-1, 1): 's942(-4, 1)', (-2, 1): 'o9_43284(3, 1)', (2, 1): 'o9_41414(-3, 2)'}",1
X_186,lLLLLzQQccdghigjhkjkkhshrrjprphac_bBab,"[(1, 0)]","{(1, 2): 'o9_38127(1, 3)', (-1, 1): 's850(3, 1)', (-1, 2): 'o9_38394(3, 1)', (3, 2): 'o9_43021(-3, 1)', (3, 1): 't12772(1, 4)', (-2, 1): 't11472(3, 1)', (2, 1): 'v3539(-3, 4)', (-3, 1): 'o9_39468(-3, 1)', (1, 0): 'finite', (4, 1): 'o9_42395(-4, 1)', (1, 1): 's820(3, 4)'}",1
X_187,lLLLMLPQccbegfhijkjkkpnqugodlevro_bBab,[],"{(0, 1): 'm337(4, 1)', (-1, 1): 't09284(3, 1)', (-2, 1): 'o9_39468(-2, 1)', (2, 1): 't11331(-3, 1)'}",1
X_188,lLLLMLQMccdgfhfjjjikkhrhhsrpiqaqn_aBba,"[(1, 0)]","{(1, 0): 'finite', (-1, 1): 'v2480(-4, 1)', (-2, 1): 'o9_38101(4, 1)'}",1
X_189,lLLLMPLQcacedfiikjjjknkknnxxrjbgk_bBab,"[(1, 0)]","{(1, 2): 'o9_37944(3, 1)', (-1, 1): 'v1262(-1, 3)', (-1, 2): 'o9_37441(4, 1)', (-2, 1): 't10411(4, 1)', (2, 1): 't11909(3, 1)', (-3, 1): 'o9_41366(3, 1)', (1, 0): 'finite', (1, 1): 's448(-2, 3)'}",1
X_190,lLLLMPMPccddegghijkjkhswtooddqhjn_bBab,[],"{(1, 2): 't11104(-2, 5)', (1, 3): 'o9_43188(-3, 4)', (2, 3): 'o9_43549(-3, 4)'}",1
X_191,lLLLMzAQcacfghiihkjkkjkgoauixkfgw_abBb,"[(0, 1)]","{(1, 2): 't12426(-3, 2)', (-2, 3): 'o9_41265(5, 2)', (-1, 1): 's298(7, 2)', (3, 1): 't12547(-2, 5)', (3, 2): 'o9_40555(2, 5)', (0, 1): 'finite', (-1, 3): 'o9_40715(5, 2)', (-1, 2): 't11835(5, 2)', (-2, 1): 'v3246(-5, 2)', (2, 1): 'v3510(5, 3)', (-3, 1): 't12050(-2, 5)', (1, 3): 'o9_41315(-5, 2)', (-3, 2): 'o9_38891(5, 2)', (2, 3): 'o9_42050(-5, 2)', (-4, 1): 'o9_38403(-2, 5)', (4, 1): 'o9_39740(2, 5)', (1, 1): 's786(2, 3)'}",1
X_192,lLLLMzAQcacfghiihkjkknkgoauixkfgw_bBba,[],"{(1, 2): 't12426(-3, 1)', (-2, 3): 'o9_41265(4, 1)', (-1, 1): 's298(5, 1)', (3, 1): 't12547(-1, 4)', (3, 2): 'o9_40555(1, 4)', (-1, 3): 'o9_40715(4, 1)', (-1, 2): 't11835(4, 1)', (-2, 1): 'v3246(-4, 1)', (2, 1): 'v3510(4, 3)', (-3, 1): 't12050(-1, 4)', (1, 3): 'o9_41315(-4, 1)', (-3, 2): 'o9_38891(4, 1)', (2, 3): 'o9_42050(-4, 1)', (-4, 1): 'o9_38403(-1, 4)', (4, 1): 'o9_39740(1, 4)', (1, 1): 's786(1, 3)'}",1
X_193,lLLLPLMQcacgfgjhijkkknkbsjtpckkgg_bBba,[],"{(-3, 1): 'o9_40778(2, 3)', (-1, 1): 's481(1, 3)', (1, 1): 'v2422(2, 3)', (2, 1): 'o9_31058(2, 3)', (-2, 1): 't11812(-3, 1)'}",1
X_194,lLLLPLPQcacgfgikjiikkjkosjhagcokg_bBba,[],"{(-3, 1): 'o9_40778(1, 3)', (-1, 1): 's778(3, 1)', (1, 1): 'v2422(1, 3)', (2, 1): 'o9_31058(1, 3)', (-2, 1): 't11812(-3, 2)'}",1
X_195,lLLLPLQMcbcefghjijikkxkhxnrttxttk_bBba,[],"{(0, 1): 'm019(-4, 3)', (-1, 1): 'm390(-4, 1)', (1, 1): 'v1907(4, 3)', (-2, 1): 'o9_39468(-2, 1)'}",1
X_196,lLLLPPAMccdeghhgiijkkhsqxsvwmxoxj_abBa,[],"{(1, 2): 't11134(-3, 4)', (-1, 1): 'v2806(-4, 1)', (-1, 2): 'o9_40778(3, 4)', (-2, 1): 'o9_38127(1, 3)', (2, 1): 't08950(-4, 3)'}",1
X_197,lLLLPzAQcbdefhhjikkjkxnixknmxlfrb_baab,[],"{(0, 1): 's899(1, 2)', (-1, 1): 'o9_39706(1, 2)', (1, 1): 'o9_43939(1, 2)'}",1
X_198,lLLLvAQQcacffikjijkjknkgjldxmkjcs_baab,"[(1, 0)]","{(0, 1): 's949(1, 3)', (-1, 1): 'v3372(1, 3)', (-2, 1): 't11769(-1, 3)', (2, 1): 'o9_38022(1, 3)', (-3, 1): 'o9_39706(1, 3)', (1, 0): 'finite', (1, 1): 'v3086(1, 3)'}",1
X_199,lLLLvAQQcacfhihhjkkkjnkgauaaqdfoj_BaaB,[],"{(0, 1): 'm160(3, 1)', (1, 2): 'o9_38964(2, 3)', (-1, 1): 't09223(2, 3)', (-2, 1): 'o9_42979(-3, 1)', (2, 1): 't09916(-5, 3)'}",1
X_200,lLLLvAQQcbeghjjhihjkkhhikbcswkfas_baab,[],"{(-1, 1): 'm023(-5, 2)', (-1, 2): 'o9_37967(3, 1)', (-2, 1): 'v3246(-3, 2)', (2, 1): 'o9_38401(1, 3)', (-3, 1): 't12648(-2, 3)', (-3, 2): 'o9_42316(3, 2)', (-4, 1): 'o9_42479(2, 3)', (1, 1): 'v3076(-4, 1)'}",1
X_201,lLLLvAQQcbeghjjhihjkkhhmkbcswkfas_bBab,[],"{(0, 1): 'm023(-4, 1)', (1, 2): 'o9_36980(-3, 1)', (-1, 1): 'v3246(-3, 1)', (-1, 2): 'o9_42316(3, 1)', (3, 1): 'o9_38401(2, 3)', (-2, 1): 't12648(-1, 3)', (2, 1): 't09026(-4, 1)', (-3, 1): 'o9_42479(1, 3)', (1, 1): 'm149(-5, 1)'}",1
X_202,lLLLvAQQcbeghjjhihjkkhhmkbcswkfhn_abBa,"[(0, 1)]","{(1, 2): 'o9_40430(3, 2)', (0, 1): 'finite', (-1, 1): 's847(4, 1)', (3, 1): 'o9_40949(2, 3)', (-1, 2): 'o9_42148(-3, 2)', (-2, 1): 't12547(-1, 3)', (2, 1): 't11614(-3, 2)', (-3, 1): 'o9_42480(-2, 3)', (1, 1): 'v1577(5, 2)'}",1
X_203,lLLLvAQQcbeghjjhihjkkhhmkbcswkfqn_bBba,[],"{(-1, 1): 's847(4, 3)', (1, 1): 't12319(4, 1)', (-2, 1): 'o9_41315(-3, 1)'}",1
X_204,lLLLvMQQccdegikijjjikhsloohftqxjj_BabB,[],"{(0, 1): 'm035(-6, 1)', (1, 2): 'o9_43325(4, 3)', (-1, 1): 't04428(-4, 3)', (1, 1): 's779(-1, 4)', (2, 1): 'o9_42463(3, 4)'}",1
X_205,lLLLvMQQccdegikijjjikhslooxftqxjj_BabB,[],"{(1, 2): 'o9_43325(4, 1)', (-1, 1): 'v3511(-1, 2)', (1, 1): 's779(-3, 4)', (2, 1): 'o9_42463(1, 4)'}",1
X_206,lLLLvPQQcacgfghiijjkknknknixjroww_baBb,"[(0, 1), (1, 0)]","{(1, 2): 'o9_43074(-4, 1)', (0, 1): 'finite', (-1, 1): 't12218(1, 3)', (1, 1): 's901(4, 1)', (1, 0): 'finite'}",1
X_207,lLLLvPQQcbefikijhhkjkhhmoavbkseox_abBb,[],"{(1, 2): 'o9_40796(4, 1)', (-1, 1): 's718(-4, 1)', (3, 1): 'o9_40557(-4, 1)', (-1, 2): 'o9_39326(-3, 2)', (-2, 1): 't10866(-3, 1)', (2, 1): 't11948(-4, 1)', (-3, 1): 'o9_38890(-4, 1)', (1, 1): 'v2467(5, 1)'}",1
X_208,lLLLvQQMcacfifhjijjkknkghkduumraj_baab,"[(0, 1)]","{(1, 2): 'o9_42148(-3, 1)', (0, 1): 'finite', (-1, 1): 's581(-5, 1)', (3, 1): 'o9_42480(-1, 3)', (-1, 2): 'o9_40010(4, 1)', (-2, 1): 't11614(-3, 1)', (2, 1): 't12547(-1, 3)', (-3, 1): 'o9_40949(1, 3)', (1, 1): 'v2438(-4, 1)'}",1
X_209,lLLLvQQMccefeigjihikkthdrrrcojrhk_bBab,[],"{(1, 2): 'v3508(-3, 5)', (-1, 1): 'v1926(-5, 3)', (1, 3): 'o9_42035(-3, 5)', (2, 1): 'o9_30974(5, 3)', (2, 3): 'o9_43193(-3, 5)', (1, 1): 'm069(-2, 3)'}",1
X_210,lLLLvQQMccefeigjihikkthdrrrcowrhk_baab,[],"{(1, 2): 'v3479(5, 3)', (-1, 1): 'v1693(5, 2)', (1, 3): 'o9_40695(-3, 5)', (2, 3): 'o9_41820(5, 3)', (2, 1): 'o9_24627(2, 3)'}",1
X_211,lLLLvQQMccefeigjihikktqdjrrcowrhk_baab,"[(1, 0)]","{(1, 2): 'v3479(5, 2)', (1, 3): 'o9_40695(-2, 5)', (2, 1): 'o9_24627(3, 2)', (2, 3): 'o9_41820(5, 2)', (1, 0): 'finite', (1, 1): 'm011(2, 3)'}",1
X_212,lLLLvQQMccefeigjihikktqdnrrcojrhk_bBab,[],"{(1, 2): 'v3508(-1, 4)', (-1, 1): 'v1822(5, 3)', (1, 3): 'o9_42035(-1, 4)', (2, 1): 'o9_30974(4, 1)', (2, 3): 'o9_43193(-1, 4)', (1, 1): 'm038(-5, 2)'}",1
X_213,lLLLwAPQccceghhkjjkjklnqdgjlxtvvr_abBa,[],"{(1, 2): 'o9_38335(1, 3)', (-1, 1): 'v2707(-5, 2)', (-1, 2): 'o9_42525(3, 2)', (3, 1): 'o9_41268(-3, 2)', (-2, 1): 't12371(3, 2)', (2, 1): 't09758(-1, 3)', (-3, 1): 'o9_42048(-3, 2)', (1, 1): 's424(-1, 3)'}",1
X_214,lLLLwLQQcacgfjhkiikjkjkbbdqhhcvkk_bBab,"[(0, 1)]","{(1, 2): 'o9_41414(-3, 2)', (0, 1): 'finite', (-1, 1): 'm340(7, 2)', (-1, 2): 'o9_40813(-1, 2)', (2, 1): 'o9_34936(-2, 3)', (1, 1): 'm356(2, 3)'}",1
X_215,lLLLwMPQccddeghikkjjkhswtrlugscfn_bBba,"[(1, 0)]","{(0, 1): 'm052(5, 3)', (1, 2): 'o9_43499(1, 3)', (-1, 1): 'v3352(3, 2)', (-1, 2): 'o9_43994(-1, 3)', (3, 1): 'o9_43330(-1, 3)', (-2, 1): 't12813(1, 2)', (2, 1): 't12508(1, 3)', (-3, 1): 'o9_43919(3, 1)', (1, 0): 'finite', (1, 1): 's905(-1, 3)'}",1
X_216,lLLLwMQPcbdeeihjhjkjkdkiiaoagigww_bBba,"[(1, 0)]","{(1, 0): 'finite', (-1, 1): 's140(-5, 2)', (1, 1): 't10146(-2, 3)', (2, 1): 'o9_40778(1, 3)', (-2, 1): 't11103(-2, 3)'}",1
X_217,lLLLwPPQcacfejghiikkkjkgstjmwrjos_aBba,"[(1, 0)]","{(-2, 1): 'o9_43325(5, 2)', (1, 0): 'finite', (2, 1): 't12837(5, 2)'}",1
X_218,lLLLwPPQcacfejghiikkknkgstjmwrjos_BbaB,[],"{(0, 1): 's645(5, 1)', (-1, 1): 'v3210(-1, 4)', (-2, 1): 'o9_43325(4, 1)', (2, 1): 't12837(4, 1)'}",1
X_219,lLLLwQPMcacdfggijjikknksrvfunboen_bBab,"[(1, 0)]","{(1, 2): 'o9_40778(1, 3)', (-1, 1): 'v2660(1, 4)', (1, 1): 'm140(5, 2)', (1, 0): 'finite'}",1
X_220,lLLLzLQQccdeghkkjijkjhsqxkhlxpagf_baab,"[(1, 0)]","{(0, 1): 's599(-2, 3)', (-1, 1): 'm223(5, 2)', (-2, 1): 'o9_39026(-2, 1)', (2, 1): 'o9_39468(-2, 1)', (1, 0): 'finite', (1, 1): 't10496(-3, 1)'}",1
X_221,lLLLzMQPcacfehjhihkjknkgoaxeqdhrn_bBab,[],"{(1, 2): 'o9_28010(3, 1)', (-1, 1): 's573(-3, 4)', (3, 1): 'o9_39743(4, 1)', (3, 2): 'o9_41816(4, 1)', (2, 1): 'v3411(4, 1)', (1, 1): 'm011(2, 3)'}",1
X_222,lLLLzwQQcacehfjikjkiknkkqkeatwwjw_abBa,[],"{(1, 2): 't09893(1, 3)', (-1, 1): 't08048(4, 1)', (3, 1): 'o9_42542(-3, 1)', (3, 2): 'o9_42619(-3, 1)', (-1, 2): 'o9_42869(1, 3)', (-2, 1): 'o9_42876(1, 3)', (2, 1): 't09213(3, 1)', (1, 3): 'o9_42770(1, 3)', (2, 3): 'o9_42832(1, 3)'}",1
X_223,lLLMzMLQcbcdefhiikkjkxkrhnidnkfww_bBba,"[(1, 0)]","{(1, 0): 'finite', (-1, 1): 'm390(-5, 2)', (1, 1): 'v1671(4, 3)', (-2, 1): 'o9_39468(-1, 2)'}",1
X_224,lLLPLAPPccdefhghjikjkhsuqfsrqmxwj_baBb,[],"{(1, 2): 't09260(3, 4)', (-1, 3): 'o9_40173(4, 3)', (-1, 2): 't11867(-4, 3)', (1, 3): 'o9_38101(4, 3)'}",1
X_225,lLLPvLQQccdcfhjikjkikqcnqdqhtboko_aBba,[],"{(1, 2): 'o9_28010(3, 2)', (-1, 1): 's668(3, 4)', (3, 1): 'o9_39743(5, 2)', (3, 2): 'o9_41816(5, 2)', (2, 1): 'v3411(5, 2)', (1, 1): 'm019(3, 2)'}",1
X_226,lLLPvPQMccdcfjjjihhkkqcnqqaahhrhs_BbaB,[],"{(1, 2): 'o9_35890(4, 3)', (-2, 1): 'o9_35431(-1, 4)', (3, 1): 'o9_41815(4, 3)', (3, 2): 'o9_43574(4, 3)', (2, 1): 'v3479(4, 3)', (1, 1): 'm070(5, 2)'}",1
X_227,lLLvAAQMcbeehgihihjkkxxhmnrwcsmhw_bBab,[],"{(-1, 1): 'v2806(-5, 3)', (-1, 2): 'o9_40778(2, 5)', (-2, 1): 'o9_38127(3, 2)', (2, 1): 't08950(-5, 2)'}",1
X_228,lLLvAMMQcbehgfigkjjkkxxehjrfpulhv_abBa,[],"{(1, 2): 'o9_42900(-1, 3)', (-1, 1): 'v2861(4, 1)', (3, 1): 'o9_42315(-4, 3)', (-1, 2): 'o9_43359(3, 1)', (-2, 1): 't12553(4, 1)', (2, 1): 't12301(-4, 3)', (-3, 1): 'o9_42813(4, 1)', (1, 1): 'v2388(-1, 3)'}",1
X_229,lLLvAMQPccegfehijjkkkuhixngvmxitk_bBab,[],"{(1, 2): 'v3071(-5, 4)', (-2, 3): 'o9_42734(4, 1)', (-1, 1): 'v2099(5, 1)', (3, 1): 't12627(4, 1)', (3, 2): 't12693(-1, 4)', (-1, 3): 'o9_41304(4, 1)', (3, 4): 'o9_42037(-1, 4)', (-1, 2): 't12529(4, 1)', (5, 2): 'o9_42983(4, 1)', (-2, 1): 't12308(4, 1)', (2, 1): 'v3031(-4, 1)', (-3, 1): 'o9_40801(4, 1)', (1, 3): 't12723(1, 4)', (2, 3): 't12730(1, 4)', (1, 4): 'o9_41888(-1, 4)', (4, 3): 'o9_41932(-1, 4)', (-3, 2): 'o9_42600(4, 1)', (2, 5): 'o9_43188(-1, 4)', (3, 5): 'o9_43222(-1, 4)', (4, 1): 'o9_41366(4, 1)', (5, 3): 'o9_43106(4, 1)'}",1
X_230,lLLvAMQPccegfehijjkkkuhixrgvmxitk_bBab,[],"{(-2, 1): 't12308(5, 2)', (-2, 3): 'o9_42734(5, 2)', (5, 2): 'o9_42983(5, 2)', (3, 1): 't12627(5, 2)', (3, 2): 't12693(-2, 5)', (2, 1): 'v3031(-5, 2)', (-3, 1): 'o9_40801(5, 2)', (-3, 2): 'o9_42600(5, 2)', (4, 3): 'o9_41932(-2, 5)', (4, 1): 'o9_41366(5, 2)', (5, 3): 'o9_43106(5, 2)'}",1
X_231,lLLvAMQPccegfehijjkkkuqixngvmxitk_bBab,[],"{(-2, 3): 'o9_42734(4, 3)', (-2, 1): 't12308(4, 3)', (-1, 3): 'o9_41304(4, 3)', (3, 4): 'o9_42037(-3, 4)', (3, 1): 't12627(4, 3)', (5, 2): 'o9_42983(4, 3)', (3, 2): 't12693(-3, 4)', (2, 1): 'v3031(-4, 3)', (-3, 1): 'o9_40801(4, 3)', (2, 3): 't12730(3, 4)', (1, 4): 'o9_41888(-3, 4)', (4, 3): 'o9_41932(-3, 4)', (-3, 2): 'o9_42600(4, 3)', (2, 5): 'o9_43188(-3, 4)', (3, 5): 'o9_43222(-3, 4)', (4, 1): 'o9_41366(4, 3)', (5, 3): 'o9_43106(4, 3)'}",1
X_232,lLLvAPMQcceghhghjikkkhlmmosoakqnj_bBab,[],"{(0, 1): 'm303(-3, 1)', (1, 2): 'o9_40778(1, 3)', (-1, 1): 't12035(1, 2)', (2, 1): 'v3435(4, 3)'}",1
X_233,lLLvAPPQcachehjijikkknkhnatutxsoc_baab,[],"{(0, 1): 'm288(5, 2)', (-1, 1): 't11639(4, 1)', (1, 1): 'v3076(-3, 2)', (2, 1): 'o9_42315(-3, 1)'}",1
X_234,lLLvAPPQcachehjijikkknkhnatutxsow_bBab,[],"{(1, 2): 'o9_42315(-3, 2)', (-1, 1): 's386(6, 1)', (3, 1): 'o9_42480(-2, 3)', (-1, 2): 'o9_38193(3, 2)', (-2, 1): 't10012(-3, 2)', (2, 1): 't12649(-1, 3)', (-3, 1): 'o9_38403(2, 3)', (1, 1): 'v3076(-3, 1)'}",1
X_235,lLLvAQPPcbeghihihjkjkhhhakvkjhqwj_abBb,[],"{(1, 1): 's861(-1, 3)', (2, 1): 'o9_43512(2, 1)'}",1
X_236,lLLvAzQQcachehgjijkkknkhnanahcvnk_bBba,[],"{(0, 1): 'm010(-2, 3)', (-1, 1): 'm136(-6, 1)', (-1, 2): 'o9_30054(3, 1)', (-2, 1): 't09158(4, 1)', (2, 1): 'o9_43230(-1, 2)', (1, 1): 't08281(3, 1)'}",1
X_237,lLLvAzQQcbegfiihjijkkhhhebwfavagn_abBb,[],"{(-1, 1): 'v2438(-4, 3)', (1, 1): 'v3533(-4, 1)', (-2, 1): 'o9_41315(-3, 2)'}",1
X_238,lLLvLAQQccdgigghkjkkjhsgfkkclgxaj_baBb,[],"{(0, 1): 'm207(-2, 3)', (-1, 1): 'v2123(-5, 2)', (1, 1): 'v3245(3, 1)', (2, 1): 'o9_42315(-3, 1)', (-2, 1): 'o9_38926(-3, 1)'}",1
X_239,lLLvLAQQccdigjkjikikjhsrfrxbrmguf_baab,[],"{(0, 1): 'v2380(-1, 2)', (-1, 1): 'v2722(3, 2)', (1, 1): 't11902(-3, 1)', (2, 1): 'o9_43074(-3, 1)', (-2, 1): 'o9_42082(1, 2)'}",1
X_240,lLLvLAQQccdijhhkiijjkhsjbgghjnjoj_abBa,[],"{(-2, 1): 'o9_28209(4, 3)', (-1, 2): 'o9_40010(4, 3)', (1, 1): 'v2966(1, 3)', (2, 1): 'o9_41315(-3, 1)'}",1
X_241,lLLvLMQQccdefgjhijkkkhswsscnjgtal_baab,[],"{(0, 1): 'm288(-4, 3)', (-1, 1): 't09758(-1, 3)', (-2, 1): 'o9_42979(-3, 2)', (2, 1): 'o9_27225(-5, 3)'}",1
X_242,lLLvLPQQcacghhkjjjkiknkjuappqmvjk_baab,"[(1, 0)]","{(1, 2): 'o9_40196(1, 4)', (-2, 1): 't08809(3, 2)', (3, 1): 'o9_43574(4, 1)', (-1, 2): 't11842(3, 4)', (2, 1): 't12769(4, 1)', (-3, 1): 'o9_40809(3, 1)', (1, 0): 'finite', (1, 1): 'v2804(1, 4)'}",1
X_243,lLLvLPQQcacghhkkijjikjkjmaqhhmgsw_baab,"[(1, 0)]","{(-1, 1): 's732(-4, 3)', (-2, 1): 't12170(5, 2)', (2, 1): 'o9_41268(-5, 3)', (-3, 1): 'o9_42413(-5, 2)', (1, 0): 'finite', (1, 1): 't11278(5, 3)'}",1
X_244,lLLvLPQQcacgjhkkihjikjkjuauhxanjw_baab,[],"{(0, 1): 'm261(2, 3)', (1, 2): 'o9_42888(-5, 3)', (-1, 1): 'v2862(-2, 3)', (-1, 2): 'o9_43484(-5, 3)', (-2, 1): 't12426(-2, 3)', (-3, 1): 'o9_42315(-5, 3)'}",1
X_245,lLLvLPQQcacgjiihhjkjknkjludqqmgrn_bBba,"[(-1, 1)]","{(-2, 1): 'v3509(1, 4)', (-1, 2): 'o9_31611(-3, 1)', (-1, 1): 'finite', (-3, 1): 'o9_43100(3, 1)', (-3, 2): 'o9_43512(3, 1)', (1, 1): 'v3433(2, 3)'}",1
X_246,lLLvLPQQcachkhjkihijkjktpaahliiww_abBa,[],"{(0, 1): 'm373(-2, 3)', (1, 2): 'o9_43485(5, 3)', (-2, 1): 't10467(-5, 2)', (3, 1): 'o9_42149(5, 3)', (-1, 2): 'o9_42045(2, 3)', (2, 1): 't12553(5, 3)', (-3, 1): 'o9_38890(-5, 2)', (1, 1): 'v3209(5, 3)'}",1
X_247,lLLvLPQQcacjkhjiikjhknkmxaqxxemnc_bBba,[],"{(0, 1): 'm007(5, 3)', (-1, 1): 's639(2, 3)', (-1, 2): 'o9_39663(-2, 3)', (-2, 1): 't12750(3, 1)', (2, 1): 'o9_42979(-3, 2)', (1, 1): 't09026(-2, 3)'}",1
X_248,lLLvLPQQcbehhjkhiijkkhhisrtkgkjdx_bBba,[],"{(1, 2): 'o9_42525(4, 1)', (-1, 1): 's781(-1, 3)', (3, 1): 'o9_42048(-4, 1)', (-1, 2): 'o9_39326(-2, 3)', (-2, 1): 't11952(3, 1)', (2, 1): 't12371(4, 1)', (-3, 1): 'o9_41268(-4, 1)', (1, 1): 'v2707(-5, 1)'}",1
X_249,lLLvLPQQccdgfijihjjkkhsgnvjvcjsps_baab,[],"{(0, 1): 's847(-1, 2)', (-2, 1): 'o9_29859(3, 2)', (1, 1): 't11836(-2, 1)', (2, 1): 'o9_42812(-3, 1)'}",1
X_250,lLLvLQPQcacgijhiikhkknkjalaxxmjfo_BbBa,[],"{(0, 1): 'm007(4, 3)', (-1, 1): 's639(1, 3)', (-1, 2): 'o9_39663(-1, 3)', (-2, 1): 't12744(3, 1)', (2, 1): 'o9_42413(-3, 2)', (1, 1): 't09026(-1, 3)'}",1
X_251,lLLvLQQMcacfgihiihjkknkssxaeeanhj_abBb,[],"{(1, 3): 't11310(-5, 1)', (2, 1): 'v1721(5, 1)', (-2, 5): 'o9_34642(-5, 1)', (1, 2): 'v3198(4, 1)', (-2, 1): 'v2344(-5, 1)', (-4, 3): 'o9_32791(-5, 1)', (-5, 3): 'o9_34146(-5, 1)', (-3, 2): 't10979(5, 1)', (4, 1): 'o9_28047(-5, 1)', (1, 1): 'm145(-1, 4)', (3, 2): 't11155(5, 1)', (-1, 2): 'v2656(4, 1)', (1, 4): 'o9_32532(-5, 1)', (-3, 1): 't09526(5, 1)', (2, 3): 't11717(-5, 1)', (-3, 4): 'o9_33430(-5, 1)', (0, 1): 'm003(-4, 1)', (-1, 3): 't10936(5, 1)', (5, 2): 'o9_33236(-5, 1)', (3, 1): 't09091(5, 1)', (-2, 3): 't11397(5, 1)', (-4, 1): 'o9_28368(-5, 1)', (4, 3): 'o9_33222(-5, 1)', (-1, 4): 'o9_32113(-5, 1)', (-5, 2): 'o9_33125(-5, 1)', (3, 4): 'o9_33940(-5, 1)'}",1
X_252,lLLvMAMQccdgighhkjkkjqkmwjnnaptmw_baBb,[],"{(0, 1): 'm160(3, 2)', (1, 2): 'o9_38964(1, 3)', (-1, 1): 't09223(1, 3)', (-2, 1): 'o9_42413(-3, 1)', (2, 1): 't09916(-4, 3)'}",1
X_253,lLLvMAPQcacegfhikkijknksjkauskjrk_abBa,"[(1, 0)]","{(1, 2): 't11901(1, 4)', (-2, 1): 'v3525(3, 4)', (3, 1): 'o9_40032(-4, 3)', (-1, 2): 'o9_33138(3, 4)', (2, 1): 't11454(-4, 3)', (-3, 1): 't12807(4, 3)', (-3, 2): 'o9_42247(3, 4)', (-4, 1): 'o9_42876(3, 4)', (1, 0): 'finite', (1, 1): 'm338(-3, 2)'}",1
X_254,lLLvMAPQccdhgfijhijkkhsegordngtnk_bBba,[],"{(1, 2): 'o9_39328(1, 3)', (-1, 1): 'v2346(1, 3)', (-1, 2): 'o9_41876(1, 3)', (3, 1): 'o9_41315(-4, 1)', (-2, 1): 't11833(-4, 3)', (2, 1): 't12170(4, 1)', (-3, 1): 'o9_40715(4, 3)', (1, 1): 's786(1, 3)'}",1
X_255,lLLvMLQQcacegjgikjjkkjkrjtrmgsjrb_BbBa,"[(1, 0)]","{(-2, 1): 't12837(5, 3)', (1, 0): 'finite', (2, 1): 'o9_43325(5, 3)'}",1
X_256,lLLvMLQQcacegjgikjjkknkrjtrmgsjrb_BbBa,[],"{(-2, 1): 't12837(4, 3)', (1, 1): 'v3210(-3, 4)', (2, 1): 'o9_43325(4, 3)'}",1
X_257,lLLvMLQQcacgghjjhikkkjkwjaueanjos_bBab,"[(0, 1)]","{(1, 2): 't11835(5, 3)', (-2, 3): 'o9_42050(-5, 3)', (-1, 1): 's786(3, 2)', (1, 3): 'o9_40715(5, 3)', (0, 1): 'finite', (-1, 3): 'o9_41315(-5, 3)', (-1, 2): 't12426(-2, 3)', (3, 2): 'o9_38891(5, 3)', (-3, 1): 't12547(-2, 5)', (-4, 1): 'o9_39740(3, 5)', (-2, 1): 'v3510(5, 2)', (2, 3): 'o9_41265(5, 3)', (-3, 2): 'o9_40555(3, 5)', (4, 1): 'o9_38403(-3, 5)'}",1
X_258,lLLvMLQQcacgghjjhikkknkwjaueanjos_bBab,[],"{(1, 2): 't11835(4, 3)', (-2, 3): 'o9_42050(-4, 3)', (-1, 1): 's786(3, 1)', (3, 1): 't12050(-3, 4)', (3, 2): 'o9_38891(4, 3)', (-1, 3): 'o9_41315(-4, 3)', (-1, 2): 't12426(-1, 3)', (-2, 1): 'v3510(4, 1)', (2, 1): 'v3246(-4, 3)', (-3, 1): 't12547(-1, 4)', (1, 3): 'o9_40715(4, 3)', (-4, 1): 'o9_39740(3, 4)', (2, 3): 'o9_41265(4, 3)', (-3, 2): 'o9_40555(3, 4)', (4, 1): 'o9_38403(-3, 4)'}",1
X_259,lLLvMLQQcacgghjjhikkknkwjauhanjos_baab,[],"{(0, 1): 'm372(1, 3)', (1, 2): 'o9_42044(-4, 3)', (-1, 1): 'v3210(-1, 3)', (-1, 2): 'o9_43484(-4, 3)', (3, 1): 'o9_38891(-4, 3)', (-2, 1): 't12552(-1, 3)', (2, 1): 't10466(-4, 3)', (-3, 1): 'o9_42148(-4, 3)'}",1
X_260,lLLvMPPQcachfjhkjikjknkhnxaaemsnf_bBba,[],"{(0, 1): 'm007(4, 1)', (1, 2): 'o9_42315(-3, 1)', (-1, 1): 'm235(-5, 1)', (3, 1): 'o9_42480(-1, 3)', (-1, 2): 'o9_38193(3, 1)', (-2, 1): 't09916(-4, 1)', (2, 1): 't12649(-1, 3)', (-3, 1): 'o9_38403(1, 3)', (1, 1): 'v3247(-3, 2)'}",1
X_261,lLLvMPQMcacegihhjijkknknjmaipmsik_abBb,[],"{(-1, 1): 'v3329(-4, 1)', (-2, 1): 'o9_41315(-3, 2)', (2, 1): 'o9_35422(3, 2)'}",1
X_262,lLLvMwQQccdhgijjjkkikhsegrputqxgt_abBb,[],"{(-1, 1): 'v2388(1, 3)', (1, 1): 'v3076(-1, 3)', (2, 1): 'o9_42413(-3, 1)', (-2, 1): 'o9_37990(3, 2)'}",1
X_263,lLLvPAQMccbffhgihjikkunujnjfslrqw_bBba,"[(1, 0)]","{(1, 2): 't11063(-4, 3)', (-1, 1): 's442(1, 4)', (3, 1): 'o9_37388(-4, 1)', (-1, 2): 'o9_28711(1, 4)', (-2, 1): 'v3433(-4, 1)', (2, 1): 't10524(-3, 1)', (-3, 1): 't12627(4, 1)', (-3, 2): 'o9_40166(-4, 1)', (-4, 1): 'o9_41036(-4, 1)', (1, 0): 'finite', (1, 1): 'm336(2, 3)'}",1
X_264,lLLvPLQQcacfhhjjikijkjbstaxxmqjcw_baBb,"[(1, 1)]","{(1, 2): 'o9_31611(-3, 2)', (-1, 1): 'v3478(2, 3)', (3, 1): 'o9_43100(3, 2)', (3, 2): 'o9_43512(3, 2)', (2, 1): 'v3509(2, 5)', (1, 1): 'finite'}",1
X_265,lLLvPLQQccdhgkijijjkkpfugmbibqtxe_bBba,[],"{(0, 1): 'm207(1, 2)', (-1, 1): 's801(-5, 1)', (1, 1): 't11836(-2, 1)', (2, 1): 'o9_42865(-3, 1)', (-2, 1): 'o9_33032(3, 2)'}",1
X_266,lLLvPMQMccdeghghiijkkqcqkkkcckhhs_baab,"[(1, 0)]","{(0, 1): 'v2344(-1, 3)', (-1, 1): 'v3143(1, 3)', (3, 1): 'o9_42653(4, 3)', (-2, 1): 't12663(-4, 3)', (2, 1): 't12636(4, 3)', (-3, 1): 'o9_43325(4, 3)', (1, 0): 'finite', (1, 1): 'v3495(4, 3)'}",1
X_267,lLLvPMQMccdeghghiijkkqcqkkkcckhhw_baab,"[(1, 0)]","{(0, 1): 'v2344(-2, 3)', (-1, 1): 'v3143(2, 3)', (-2, 1): 't12663(-5, 3)', (-3, 1): 'o9_43325(5, 3)', (1, 0): 'finite', (1, 1): 'v3495(5, 3)'}",1
X_268,lLLvPMQMccdeghghiijkkqcqkkkcckhxj_baab,"[(1, 0)]","{(0, 1): 's705(-4, 1)', (-1, 1): 'v3143(3, 1)', (3, 1): 'o9_42653(4, 1)', (-2, 1): 't12663(-4, 1)', (2, 1): 't12636(4, 1)', (-3, 1): 'o9_43325(4, 1)', (1, 0): 'finite', (1, 1): 'v3495(4, 1)'}",1
X_269,lLLvPMQMccdeghghiijkkqcqkkkcckhxn_baab,"[(1, 0)]","{(0, 1): 'v2344(-3, 2)', (-1, 1): 'v3143(3, 2)', (3, 1): 'o9_42653(5, 2)', (-2, 1): 't12663(-5, 2)', (2, 1): 't12636(5, 2)', (-3, 1): 'o9_43325(5, 2)', (1, 0): 'finite', (1, 1): 'v3495(5, 2)'}",1
X_270,lLLvPPQMccdhghiijihkkhsqgovbxfnhk_baBb,"[(0, 1)]","{(1, 2): 'v3071(-5, 1)', (-2, 3): 'o9_43106(1, 4)', (-1, 1): 'v3031(-1, 4)', (3, 1): 't12308(1, 4)', (3, 2): 't12529(1, 4)', (0, 1): 'finite', (-1, 3): 'o9_41932(-4, 1)', (3, 4): 'o9_41888(-4, 1)', (-1, 2): 't12693(-4, 1)', (5, 2): 'o9_42600(1, 4)', (-2, 1): 't12627(1, 4)', (1, 4): 'o9_42037(-4, 1)', (-3, 1): 'o9_41366(1, 4)', (1, 3): 't12730(4, 1)', (2, 3): 't12723(4, 1)', (4, 3): 'o9_41304(1, 4)', (-3, 2): 'o9_42983(1, 4)', (2, 5): 'o9_43222(-4, 1)', (3, 5): 'o9_43188(-4, 1)', (4, 1): 'o9_40801(1, 4)', (5, 3): 'o9_42734(1, 4)'}",1
X_271,lLLvPPQMccdhghiijihkkhsqgovbxfnqn_baBb,[],"{(-2, 3): 'o9_43106(3, 4)', (-1, 1): 'v3031(-3, 4)', (1, 3): 't12730(4, 3)', (-1, 3): 'o9_41932(-4, 3)', (3, 4): 'o9_41888(-4, 3)', (-1, 2): 't12693(-4, 3)', (5, 2): 'o9_42600(3, 4)', (-2, 1): 't12627(3, 4)', (1, 4): 'o9_42037(-4, 3)', (-3, 1): 'o9_41366(3, 4)', (-3, 2): 'o9_42983(3, 4)', (2, 5): 'o9_43222(-4, 3)', (3, 5): 'o9_43188(-4, 3)', (4, 1): 'o9_40801(3, 4)', (5, 3): 'o9_42734(3, 4)'}",1
X_272,lLLvPQMMccdggifihijkkucujjjwcjxhw_abBb,[],"{(-1, 1): 's908(2, 5)', (-1, 2): 'o9_43086(-5, 3)'}",1
X_273,lLLvPQMMccdggifihijkkucujjjwcjxxn_abBb,[],"{(-1, 2): 'o9_43086(-5, 2)'}",1
X_274,lLLvPQMMccdggifihjikkpcpgjjwshwqj_abBa,[],"{(-1, 1): 's861(2, 5)', (-1, 2): 'o9_43074(-5, 3)', (-2, 1): 'o9_39055(-3, 5)'}",1
X_275,lLLvvQQQcacgfjhkijkkjjkskmmxicrfw_abBb,"[(1, 0)]","{(0, 1): 's949(2, 3)', (-1, 1): 'v3372(2, 3)', (-2, 1): 't11769(-2, 3)', (2, 1): 'o9_38022(2, 3)', (-3, 1): 'o9_39706(2, 3)', (1, 0): 'finite', (1, 1): 'v3086(2, 3)'}",1
X_276,lLLvwQAQccdhehjijikkkhsljfxsarqxg_baab,"[(1, 0)]","{(0, 1): 's488(-3, 2)', (-2, 1): 't09669(2, 3)', (2, 1): 'o9_39468(-2, 1)', (-3, 1): 'o9_39405(-2, 3)', (1, 0): 'finite', (1, 1): 't08075(3, 1)'}",1
X_277,lLLvzMQQccdihgjkkjjikhsernuxiexsp_abBa,[],"{(0, 1): 'm015(3, 2)', (-1, 1): 'o9_35169(-1, 2)', (1, 1): 's566(2, 3)', (2, 1): 'o9_43074(-3, 1)'}",1
X_278,lLLwLQMMcbcdghghiijkkxkrkkrflukhj_baBb,"[(1, 0)]","{(1, 2): 't11134(-1, 4)', (-1, 1): 'v2806(-4, 3)', (-1, 2): 'o9_40778(1, 4)', (-2, 1): 'o9_38127(3, 1)', (2, 1): 't08950(-4, 1)', (1, 0): 'finite'}",1
X_279,lLLwLQMMcbcdghghiijkkxkrkkrflukxn_baBb,[],"{(-1, 1): 'v2806(-5, 2)', (-1, 2): 'o9_40778(3, 5)', (-2, 1): 'o9_38127(2, 3)', (2, 1): 't08950(-5, 3)'}",1
X_280,lLLzLMMQccbehgiijjkkkljmwnnjhmllc_bBab,[],"{(1, 2): 'o9_40778(2, 3)', (-1, 1): 'v3435(5, 3)', (1, 1): 'm081(2, 3)', (2, 1): 'o9_28735(-1, 2)'}",1
X_281,lLLzLwQQccdcfgjhkijkkhsnoohwlqnwk_baBb,[],"{(3, 2): 'o9_43074(-1, 5)', (1, 3): 'o9_43074(-5, 4)', (3, 1): 'o9_43086(-1, 5)', (-1, 2): 'o9_43086(4, 1)', (-1, 1): 'v3522(4, 1)', (2, 3): 'o9_43086(-5, 4)', (-2, 1): 'o9_43074(4, 1)'}",1
X_282,lLLzLzQQcaceihghkjkjknkiieusccckf_baBb,[],"{(0, 1): 'm154(-4, 3)', (-1, 1): 's718(3, 2)', (-1, 2): 'o9_43785(1, 3)', (-2, 1): 'o9_41414(-3, 1)', (2, 1): 'o9_32788(-3, 1)', (1, 1): 's682(-5, 1)'}",1
X_283,lLLzvPQQccdckihjikjjkhsrpujtppier_bBba,[],"{(0, 1): 'm004(-7, 2)', (1, 2): 'o9_41337(-5, 2)', (-1, 2): 'o9_39952(5, 2)', (1, 1): 'v2200(-2, 5)', (2, 1): 'o9_39706(2, 5)'}",1
X_284,lLLzvQQPccdcgjihijkkkqsnbxujxxqbo_bBba,[],"{(1, 2): 'o9_41337(-4, 3)', (-1, 2): 'o9_39952(4, 3)', (1, 1): 'v2200(-3, 4)', (2, 1): 'o9_39706(3, 4)'}",1
X_285,lLLzwLQQccdcegkjikjjkhsraraawokkf_aBbB,[],"{(1, 2): 'o9_40778(3, 5)', (-1, 1): 'm305(-7, 2)', (-1, 2): 'o9_36309(5, 2)', (1, 1): 's903(3, 5)'}",1
X_286,lLLzwLQQccdcegkjikjjkqsjasaawokkf_BaaB,"[(1, 0)]","{(1, 2): 'o9_38127(3, 2)', (-1, 1): 's850(2, 3)', (3, 1): 't12772(3, 5)', (3, 2): 'o9_43021(-2, 3)', (-1, 2): 'o9_38394(2, 3)', (-2, 1): 't11472(2, 3)', (2, 1): 'v3539(-2, 5)', (-3, 1): 'o9_39468(-2, 3)', (1, 0): 'finite', (4, 1): 'o9_42395(-5, 3)', (1, 1): 's820(2, 5)'}",1
X_287,lLLzwPQMccdegihghijkklkaxhownlrhn_baab,[],"{(1, 2): 'o9_43086(-4, 3)', (1, 1): 's908(1, 4)', (2, 1): 'o9_42102(3, 4)'}",1
X_288,lLLzwPQMccdegihghijkklkaxhownlrqn_abBa,"[(1, 0)]","{(1, 2): 'o9_42912(-4, 1)', (-1, 1): 's908(3, 4)', (-1, 2): 'o9_42102(1, 4)', (-2, 1): 'o9_43086(-4, 1)', (1, 0): 'finite', (1, 1): 'v2725(-5, 1)'}",1
X_289,lLLzwPQMccdegihghijkktkaxhownlrhn_abBa,[],"{(1, 2): 'o9_43074(-4, 3)', (-1, 1): 't09155(4, 3)', (1, 1): 's861(1, 4)', (2, 1): 'o9_39055(-3, 4)'}",1
X_290,lLLzwPQMccdegihghijkktkaxhownlrqj_abBa,[],"{(1, 2): 'o9_43074(-5, 2)', (-1, 1): 't09155(5, 2)', (1, 1): 's861(3, 5)', (2, 1): 'o9_39055(-2, 5)'}",1
X_291,lLLzwPQMccdegihghijkktkaxhownlrqn_abBa,"[(0, 1)]","{(1, 2): 'o9_43074(-4, 1)', (0, 1): 'finite', (-1, 1): 't09155(4, 1)', (1, 1): 's861(3, 4)', (2, 1): 'o9_39055(-1, 4)'}",1
X_292,lLLzzLQQccdcfhihkjjkkhsnofpkahrnw_baab,"[(1, 0)]","{(1, 2): 'o9_43086(-5, 1)', (-2, 3): 'o9_43086(-4, 5)', (-2, 1): 'v3522(1, 4)', (-1, 3): 'o9_43074(-4, 5)', (2, 1): 'o9_43074(-5, 1)', (-3, 1): 'o9_43086(1, 4)', (-3, 2): 'o9_43074(1, 4)', (1, 0): 'finite', (1, 1): 'v3522(-5, 1)'}",1
X_293,lLvALQAMcbefighihijkkdadqknncfxxj_baBb,[],"{(1, 2): 'o9_37967(-4, 1)', (-1, 1): 'v2791(4, 1)', (3, 1): 'o9_40950(2, 3)', (-1, 2): 'o9_42149(3, 1)', (-2, 1): 't12548(-1, 3)', (2, 1): 't11613(-3, 2)', (-3, 1): 'o9_42479(1, 3)', (1, 1): 'm373(-5, 1)'}",1
X_294,lLvAMLMQcbefgehjkjkjkluldtjeuescf_baab,"[(0, 1)]","{(1, 2): 'o9_44060(1, 2)', (0, 1): 'finite', (-1, 1): 'm305(-5, 1)', (3, 1): 'o9_44145(1, 2)', (-1, 2): 'o9_42866(2, 1)', (-2, 1): 't12295(1, 2)', (2, 1): 't12838(-1, 2)', (-3, 1): 'o9_43229(-1, 2)', (1, 1): 'v1859(1, 3)'}",1
X_295,lLvAvMQQcbefhhgjijkkklalvvjjjfmde_abBa,[],"{(1, 2): 'o9_36309(3, 1)', (-1, 1): 's903(2, 3)', (-1, 2): 'o9_40778(2, 3)', (-2, 1): 't12664(-2, 3)', (2, 1): 't12280(-1, 3)', (1, 1): 'm305(-4, 1)'}",1
X_296,lLvAvMQQcbfejhijkhjkktqujvsfhfbxh_baBb,[],"{(-1, 1): 't12116(-3, 1)', (3, 1): 'o9_42865(-3, 2)', (1, 1): 's949(3, 1)', (2, 1): 't12552(-1, 2)', (-2, 1): 'o9_42812(-3, 1)'}",1
X_297,lLvAvPQQcafehhkhjijkkjmeaiumiegkv_baab,[],"{(0, 1): 'm168(3, 1)', (-1, 1): 'm305(-7, 2)', (1, 1): 'v2585(3, 1)', (2, 1): 'o9_44060(1, 2)', (-2, 1): 'o9_38926(-2, 1)'}",1
X_298,lLvAvPQQcbefjhjjikkkidaecwrjseluj_bBba,"[(1, 0)]","{(0, 1): 't12059(-3, 2)', (-1, 1): 't12500(3, 2)', (-2, 1): 'o9_39706(2, 3)', (2, 1): 'o9_42092(2, 1)', (1, 0): 'finite', (1, 1): 't12605(-1, 2)'}",1
X_299,lLvAvQQMcaefghjihiikkjlqjtammhjhj_bBab,"[(1, 0)]","{(1, 2): 'o9_43086(-4, 1)', (-1, 1): 'o9_34818(-3, 2)', (1, 1): 's850(4, 1)', (1, 0): 'finite'}",1
X_300,lLvAvQQMcaefghjihiikkjlqjtammhjhw_bBab,"[(1, 0)]","{(1, 2): 'o9_43086(-5, 2)', (-1, 1): 'o9_36328(-3, 2)', (1, 1): 's850(5, 2)', (1, 0): 'finite'}",1
X_301,lLvAvQQMcaefghjihiikkjlqjtammhjxj_bBba,[],"{(-1, 1): 's850(4, 3)', (1, 1): 't11420(3, 2)', (-2, 1): 'o9_43086(-4, 3)'}",1
X_302,lLvAvQQMcaefghjihiikkjlqjtammhjxn_bBba,[],"{(-2, 1): 'o9_43086(-5, 3)', (1, 1): 'o9_34299(-3, 2)'}",1
X_303,lLvAvQQMcaefghjihiikknlqjtammhjhw_abBb,"[(0, 1), (1, 0)]","{(0, 1): 'finite', (-1, 1): 's901(5, 2)', (1, 0): 'finite', (1, 1): 't12218(2, 3)', (-2, 1): 'o9_43074(-5, 2)'}",1
X_304,lLvAvQQMcaefghjihiikknlqjtammhjxj_abBb,"[(1, 0)]","{(1, 0): 'finite', (-1, 1): 's901(4, 3)', (1, 1): 't11420(3, 1)', (-2, 1): 'o9_43074(-4, 3)'}",1
X_305,lLvAwAAQccdeghgjikijkpjaufvhxhjsk_abBb,[],"{(-1, 1): 'm006(3, 1)', (-1, 3): 'o9_40695(-3, 4)', (-1, 2): 'v3479(4, 3)', (-2, 1): 'o9_24627(1, 3)', (2, 1): 'o9_31391(1, 4)', (-2, 3): 'o9_41820(4, 3)', (1, 1): 'v1333(-1, 4)'}",1
X_306,lLvAwAAQccdeghgjikijkpjaufvhxhksk_abBb,[],"{(-1, 1): 'm069(-1, 3)', (-1, 3): 'o9_42035(-3, 4)', (-1, 2): 'v3508(-3, 4)', (-2, 1): 'o9_30974(4, 3)', (2, 1): 'o9_35264(1, 4)', (-2, 3): 'o9_43193(-3, 4)', (1, 1): 'v1466(-5, 3)'}",1
X_307,lLvAwAAQccdeghgjikijkpjaufvhxqjsn_abBb,"[(1, 0)]","{(-1, 1): 'm011(1, 3)', (-1, 3): 'o9_40695(-1, 4)', (-1, 2): 'v3479(4, 1)', (-2, 1): 'o9_24627(3, 1)', (-2, 3): 'o9_41820(4, 1)', (1, 0): 'finite', (1, 1): 'v1693(4, 3)'}",1
X_308,lLvAwAAQccdeghgjikijkpjaufvhxqksj_abBb,[],"{(-1, 3): 'o9_42035(-2, 5)', (-2, 3): 'o9_43193(-2, 5)', (-1, 1): 'm069(-3, 2)', (-1, 2): 'v3508(-2, 5)', (-2, 1): 'o9_30974(5, 2)'}",1
X_309,lLvAwAAQccdeghgjikijkujuafbhdhksr_baBb,[],"{(1, 2): 'o9_35890(5, 3)', (-1, 1): 'v1683(3, 4)', (3, 1): 'o9_41815(5, 3)', (3, 2): 'o9_43574(5, 3)', (2, 1): 'v3479(5, 3)', (1, 1): 'm118(-5, 2)'}",1
X_310,lLvAwMQMcaefehiihjikkjuqkuthmanhk_bBba,[],"{(-1, 1): 'm322(2, 1)', (-1, 2): 'o9_43074(-4, 1)', (1, 1): 'o9_37946(-3, 4)'}",1
X_311,lLvAwMQMcaefehiihjikkjuqkuthmanhr_bBba,[],"{(-1, 1): 'm322(1, 2)', (-1, 2): 'o9_43074(-5, 2)'}",1
X_312,lLvAwMQMcaefehiihjikkjuqkuthmanqj_bBba,[],"{(-1, 1): 'm322(-1, 3)', (-1, 2): 'o9_43074(-5, 3)'}",1
X_313,lLvAwMQMcaefehiihjikkjuqkuthmanqn_bBba,[],"{(-1, 1): 'm322(-2, 3)', (-1, 2): 'o9_43074(-4, 3)', (1, 1): 'o9_37946(-1, 4)'}",1
X_314,lLvAwMQMcaefehiihjikknuqkuthmanqj_abBa,[],"{(0, 1): 'm285(2, 3)', (1, 2): 'o9_43086(-5, 3)', (-1, 1): 'o9_37081(-3, 2)'}",1
X_315,lLvAwMQMcaefehiihjikknuqkuthmanqn_abBa,[],"{(0, 1): 'm285(1, 3)', (1, 2): 'o9_43086(-4, 3)', (-1, 1): 'o9_37081(-3, 1)', (2, 1): 'o9_35896(-1, 4)'}",1
X_316,lLvAwwQQccdcegkjkijjkqrjhsqhbkvcr_BbBa,[],"{(1, 2): 'o9_41414(-5, 3)'}",1
X_317,lLvAzMMQccfehijhkjkkjliaenivqqmmx_bBba,"[(1, 0)]","{(0, 1): 'v2750(-1, 3)', (-1, 1): 's802(4, 1)', (-2, 1): 'o9_40458(-3, 1)', (2, 1): 'o9_43074(-3, 2)', (1, 0): 'finite', (1, 1): 't12195(1, 3)'}",1
X_318,lLvLALQQcaefhgkikjjkjnxbrblexxuko_bBba,"[(1, 0)]","{(0, 1): 'v2920(-3, 2)', (-1, 1): 'o9_31254(1, 2)', (-2, 1): 'o9_41414(-3, 2)', (2, 1): 'o9_41680(-3, 2)', (1, 0): 'finite', (1, 1): 't11285(3, 2)'}",1
X_319,lLvLAMPQccffehjijikjkllliguvunqlj_babb,[],"{(0, 1): 's847(3, 2)', (-1, 1): 'm373(-5, 2)', (-2, 1): 't12301(-3, 2)', (2, 1): 'o9_42865(-3, 1)', (-3, 1): 'o9_42812(-3, 2)', (1, 1): 't12552(-2, 1)'}",1
X_320,lLvLAMQMcaeggijhhjikkjxgbhqfoqaas_BbBa,"[(1, 0)]","{(1, 0): 'finite', (-1, 1): 'v2438(-5, 3)', (1, 1): 'o9_32083(1, 3)', (-2, 1): 'o9_42979(-3, 2)'}",1
X_321,lLvLAMQMcaeggijhhjikkjxgbhqfoqaqj_BbaB,[],"{(0, 1): 'm023(-5, 2)', (1, 2): 'o9_42865(-3, 2)', (-1, 1): 'v3511(3, 2)', (-1, 2): 'o9_44061(-2, 3)', (3, 1): 'o9_43230(-1, 3)', (-2, 1): 't12839(-2, 3)', (2, 1): 't12294(-3, 1)', (-3, 1): 'o9_44144(-2, 3)', (1, 1): 'm207(1, 5)'}",1
X_322,lLvLAMQMccfghihjiihkkqxahwgarbrhk_bBba,"[(1, 0)]","{(-1, 1): 's806(4, 3)', (-1, 2): 'o9_41414(-4, 1)', (3, 1): 'o9_39196(4, 1)', (-2, 1): 't09709(-1, 4)', (2, 1): 't11193(-4, 1)', (-3, 1): 'o9_37450(1, 4)', (1, 0): 'finite', (1, 1): 's705(-4, 1)'}",1
X_323,lLvLAMQMccfghihjiihkkqxahwgarbrqj_bBba,"[(1, 0)]","{(1, 0): 'finite', (-1, 1): 's806(5, 2)', (-1, 2): 'o9_41414(-5, 3)', (1, 1): 'v2344(-2, 3)', (2, 1): 't11193(-5, 3)'}",1
X_324,lLvLAMQMccfghihjiihkkqxahwgarbrqn_bBba,"[(1, 0)]","{(-1, 1): 's806(4, 1)', (-1, 2): 'o9_41414(-4, 3)', (3, 1): 'o9_39196(4, 3)', (-2, 1): 't09709(-3, 4)', (2, 1): 't11193(-4, 3)', (-3, 1): 'o9_37450(3, 4)', (1, 0): 'finite', (1, 1): 'v2344(-1, 3)'}",1
X_325,lLvLAwQQcbdfegijkijkkdwedjaaidibc_baab,"[(1, 0)]","{(0, 1): 'v2750(-2, 3)', (-1, 1): 's802(5, 2)', (-2, 1): 'o9_40458(-3, 2)', (2, 1): 'o9_43086(-3, 2)', (1, 0): 'finite', (1, 1): 't12195(2, 3)'}",1
X_326,lLvLLAQQcbffgjgkiijkkhqhgvvmgkjax_abBa,[],"{(0, 1): 'm009(4, 1)', (1, 0): 'm016(3, 2)', (1, 1): 't05772(-3, 1)', (-1, 1): 'o9_39706(1, 2)'}",1
X_327,lLvLLAQQcbfgjihjikjikxuxbbwrfuork_bBba,"[(1, 0)]","{(1, 0): 'finite', (-1, 1): 's751(3, 2)', (-1, 2): 'o9_43785(2, 3)', (-2, 1): 'o9_41414(-3, 2)', (2, 1): 'o9_36479(3, 2)'}",1
X_328,lLvLLQQMcbeehijghijkkemewvcjsvfqs_abBa,"[(1, 0)]","{(0, 1): 't12059(-3, 1)', (-1, 1): 't12146(-1, 2)', (-2, 1): 'o9_42092(1, 2)', (2, 1): 'o9_39706(1, 3)', (1, 0): 'finite', (1, 1): 't12500(3, 1)'}",1
X_329,lLvLMAQMcbfhggijgjjkkhdhagghgqxqn_aBba,[],"{(-1, 1): 't09026(-3, 2)', (1, 1): 'v3513(-4, 1)', (2, 1): 'o9_40369(-3, 1)', (-2, 1): 'o9_42315(-3, 2)'}",1
X_330,lLvLMMMQcbdhgihjikkkjtnxgjchwdlmj_baab,[],"{(-1, 1): 's566(1, 3)', (1, 1): 'v3365(-4, 1)', (2, 1): 'o9_44106(-3, 1)', (-2, 1): 'o9_43074(-3, 2)'}",1
X_331,lLvLMMMQcbdhgihjikkkjtnxgjchwdlmw_baab,[],"{(0, 1): 'm015(-3, 2)', (-1, 1): 's480(-4, 3)', (1, 1): 'v3365(-5, 2)', (2, 1): 'o9_44106(-3, 2)', (-2, 1): 'o9_43086(-3, 2)'}",1
X_332,lLvLMPMQccfehiijhkjjktlplbsmkxaej_baab,[],"{(1, 2): 'o9_42149(3, 2)', (-1, 1): 'm207(1, 5)', (3, 1): 'o9_42479(2, 3)', (-1, 2): 'o9_36980(4, 1)', (-2, 1): 't09525(-4, 1)', (2, 1): 't12548(-2, 3)', (-3, 1): 'o9_40950(1, 3)', (1, 1): 'v2899(-3, 2)'}",1
X_333,lLvLQzAQcaedghhijkkjkjxnwosxplckf_abBb,"[(1, 0)]","{(1, 0): 'finite', (-1, 1): 'm285(1, 4)', (1, 1): 'v3484(-1, 3)', (2, 1): 'o9_43444(-1, 3)', (-2, 1): 'o9_39468(-1, 2)'}",1
X_334,lLvLzAQQcaegeihkjjikkjxjrubmaadcf_baab,"[(1, 0)]","{(1, 0): 'finite', (-1, 1): 'v3484(-2, 3)', (1, 1): 'm322(-3, 4)', (2, 1): 'o9_39468(-2, 1)', (-2, 1): 'o9_43444(-2, 3)'}",1
X_335,lLvPAzQPcafegfhhijjkknqxgvltafgqr_bBba,"[(1, 0)]","{(1, 2): 'o9_35888(-4, 1)', (-2, 1): 't07355(3, 2)', (3, 1): 'o9_41816(4, 1)', (-1, 2): 't10088(-4, 3)', (2, 1): 't12402(4, 1)', (-3, 1): 'o9_38231(3, 1)', (1, 0): 'finite', (1, 1): 'v2302(4, 1)'}",1
X_336,lLvvMAQQcbfhjhkihkijkxapovuvsiwwm_abBa,"[(1, 0)]","{(0, 1): 'o9_30054(-1, 2)', (-1, 1): 'o9_39706(1, 2)', (1, 0): 'finite', (1, 1): 'v3543(1, 2)', (-2, 1): 'o9_43992(-1, 2)'}",1
X_337,lLvzPzQQccceijghkkjkjqjqgiwviltmp_bBab,"[(1, 0)]","{(1, 2): 'o9_38394(3, 2)', (-1, 1): 's820(3, 5)', (-1, 2): 'o9_38127(2, 3)', (3, 1): 'o9_39468(-3, 2)', (-2, 1): 'v3539(-3, 5)', (2, 1): 't11472(3, 2)', (-3, 1): 't12772(2, 5)', (-4, 1): 'o9_42395(-5, 2)', (-3, 2): 'o9_43021(-3, 2)', (1, 0): 'finite', (1, 1): 's850(3, 2)'}",1
X_338,lLvzPzQQccceijghkkjkjqnqgmwvilumd_abBa,[],"{(1, 2): 'o9_36309(4, 1)', (-1, 1): 's903(3, 4)', (-1, 2): 'o9_40778(3, 4)', (-2, 1): 't12664(-3, 4)', (2, 1): 't12280(-1, 4)', (1, 1): 'm305(-5, 1)'}",1
